order_id,tracking,buyer_country,bl_package,bl_tracking_status_date,dhl_file_delivery_date,bl_delivery_package_module,bl_delivery_package_nr,bl_package_tracking,bl_courier_code,bl_courier_other_name,dhl_source_file,dhl_last_event,dhl_last_event_at,amazon_ship_option,amazon_carrier_name,amazon_delivery_scan_attempt,amazon_any_physical_scan,order_status,fulfillment_channel,purchase_date,notes
306-4542930-3328346,JJD000030206530000003168956,AT,Yes,,2026-02-09 10:31:00,blconnectpackages,JJD000030206530000003168956,JJD000030206530000003168956,blconnectpackages,dhl,EX_DHL_2446860_NET FOX_JJD_08.02.2026 17.02.xlsx,DRPDOR,2026-02-09 10:31:00,Pri Intl,DHL,No,Yes,Shipped,MFN,2026-02-04 07:57:30,
305-8622664-9933125,JJD000030206530000003138330,AT,No,,2026-01-31 10:41:00,,,,,,EX_DHL_2446860_NET FOX_JJD_01.02.2026 14.02.xlsx,DRPDOR,2026-01-31 10:41:00,Pri Intl,DHL,No,Yes,Shipped,MFN,2026-01-28 08:38:15,BL has no package
306-9735999-8947557,JJD000030206530000003108387,AT,Yes,,,blconnectpackages,JJD000030206530000003108387,JJD000030206530000003108387,blconnectpackages,dhl,,,,Std DE Intl_1,DHL,No,Yes,Shipped,MFN,2026-01-20 15:11:21,
305-1088625-0558701,JJD000030206530000003141957,AT,Yes,,2026-02-03 12:41:00,blconnectpackages,JJD000030206530000003141957,JJD000030206530000003141957,blconnectpackages,dhl,EX_DHL_2446860_NET FOX_JJD_01.02.2026 14.02.xlsx,DRPDOR,2026-02-03 12:41:00,Pri Intl,DHL,No,Yes,Shipped,MFN,2026-01-29 07:25:22,
305-8840849-0948300,JJD000030206530000003180843,DE,No,,,,,,,,,,,Std DE Dom_1,DHL,Yes,Yes,Shipped,MFN,2026-02-07 11:20:17,BL has no package
306-6888587-8012367,JJD000030206530000003203603,DE,Yes,,,blconnectpackages,JJD000030206530000003203603,JJD000030206530000003203603,blconnectpackages,dhl,,,,Pri Dom,DHL,Yes,Yes,Shipped,MFN,2026-02-13 05:23:49,
302-2151612-7705137,JJD000030206530000003127495,AT,Yes,2026-01-25 20:46:06,2026-01-29 13:06:00,blconnectpackages,JJD000030206530000003127495,JJD000030206530000003127495,blconnectpackages,dhl,EX_DHL_2446860_NET FOX_JJD_01.02.2026 14.02.xlsx,DRPDOR,2026-01-29 13:06:00,Pri Intl,DHL,No,Yes,Shipped,MFN,2026-01-25 19:01:35,
304-6187533-0299553,JJD000030206530000003166909,AT,Yes,,2026-02-07 11:23:00,blconnectpackages,JJD000030206530000003166909,JJD000030206530000003166909,blconnectpackages,dhl,EX_DHL_2446860_NET FOX_JJD_08.02.2026 17.02.xlsx,DRPDOR,2026-02-07 11:23:00,Pri Intl,DHL,No,Yes,Shipped,MFN,2026-02-03 17:04:52,
302-5646822-9052334,JJD000030206530000003163951,AT,No,,2026-02-06 09:52:00,,,,,,EX_DHL_2446860_NET FOX_JJD_08.02.2026 17.02.xlsx,DRPDOR,2026-02-06 09:52:00,Std DE Intl_1,DHL,No,Yes,Shipped,MFN,2026-02-02 19:06:39,BL has no package
303-7184975-6322718,JJD000030206530000003144501,AT,No,,2026-02-03 15:17:00,,,,,,EX_DHL_2446860_NET FOX_JJD_01.02.2026 14.02.xlsx,DRPDOR,2026-02-03 15:17:00,Pri Intl,DHL,No,Yes,Shipped,MFN,2026-01-29 17:33:22,BL has no package
028-2931446-4268301,JJD000030206530000003126281,AT,Yes,2026-01-25 16:36:02,2026-01-29 14:18:00,blconnectpackages,JJD000030206530000003126281,JJD000030206530000003126281,blconnectpackages,dhl,EX_DHL_2446860_NET FOX_JJD_01.02.2026 14.02.xlsx,DRPDOR,2026-01-29 14:18:00,Pri Intl,DHL,No,Yes,Shipped,MFN,2026-01-25 14:42:39,
304-3422655-4260320,JJD000030206530000003168647,AT,Yes,,2026-02-07 13:03:00,blconnectpackages,JJD000030206530000003168647,JJD000030206530000003168647,blconnectpackages,dhl,EX_DHL_2446860_NET FOX_JJD_08.02.2026 17.02.xlsx,DRPDOR,2026-02-07 13:03:00,Pri Intl,DHL,No,Yes,Shipped,MFN,2026-02-04 06:31:43,
303-2383690-3541956,JJD000030206530000003139768,AT,No,,2026-02-02 11:30:00,,,,,,EX_DHL_2446860_NET FOX_JJD_01.02.2026 14.02.xlsx,DRPDOR,2026-02-02 11:30:00,Pri Intl,DHL,No,Yes,Shipped,MFN,2026-01-28 13:42:08,BL has no package
302-0743839-9776362,JJD000030206530000003140721,AT,No,,2026-02-03 08:21:00,,,,,,EX_DHL_2446860_NET FOX_JJD_01.02.2026 14.02.xlsx,DRPDOR,2026-02-03 08:21:00,Pri Intl,DHL,No,Yes,Shipped,MFN,2026-01-28 17:18:20,BL has no package
302-4347911-0070716,JJD000030206530000003157533,AT,No,,2026-02-05 08:48:00,,,,,,EX_DHL_2446860_NET FOX_JJD_08.02.2026 17.02.xlsx,DRPDOR,2026-02-05 08:48:00,Pri Intl,DHL eCommerce,No,Yes,Shipped,MFN,2026-02-01 17:27:40,BL has no package
302-6768266-9456341,JJD000030206530000003150198,AT,No,,2026-02-04 14:15:00,,,,,,EX_DHL_2446860_NET FOX_JJD_08.02.2026 17.02.xlsx,DRPDOR,2026-02-04 14:15:00,Pri Intl,DHL,No,Yes,Shipped,MFN,2026-01-31 10:57:25,BL has no package
302-9553848-2400361,JJD000030206530000003146092,AT,No,,2026-02-04 11:20:00,,,,,,EX_DHL_2446860_NET FOX_JJD_08.02.2026 17.02.xlsx,DRPDOR,2026-02-04 11:20:00,Pri Intl,DHL,No,Yes,Shipped,MFN,2026-01-30 09:14:40,BL has no package
303-2219834-8085921,JJD000030206530000003150812,AT,No,,2026-02-05 11:55:00,,,,,,EX_DHL_2446860_NET FOX_JJD_08.02.2026 17.02.xlsx,DRPDOR,2026-02-05 11:55:00,Pri Intl,DHL,No,Yes,Shipped,MFN,2026-01-31 12:26:16,BL has no package
028-1726369-9293139,JJD000030206530000003158545,AT,Yes,,2026-02-05 14:54:00,blconnectpackages,JJD000030206530000003158545,JJD000030206530000003158545,blconnectpackages,dhl,EX_DHL_2446860_NET FOX_JJD_08.02.2026 17.02.xlsx,DRPDOR,2026-02-05 14:54:00,Std DE Intl_1,DHL,No,Yes,Shipped,MFN,2026-02-01 20:15:59,
304-7223975-5990752,JJD000030206530000003127197,AT,Yes,2026-01-25 19:55:59,2026-01-29 13:49:00,blconnectpackages,JJD000030206530000003127197,JJD000030206530000003127197,blconnectpackages,dhl,EX_DHL_2446860_NET FOX_JJD_01.02.2026 14.02.xlsx,DRPDOR,2026-01-29 13:49:00,Pri Intl,DHL,No,Yes,Shipped,MFN,2026-01-25 18:09:32,
302-9028787-8009947,JJD000030206530000003128485,AT,Yes,2026-01-26 07:31:27,2026-01-30 11:02:00,blconnectpackages,JJD000030206530000003128485,JJD000030206530000003128485,blconnectpackages,dhl,EX_DHL_2446860_NET FOX_JJD_01.02.2026 14.02.xlsx,DRPDOR,2026-01-30 11:02:00,Pri Intl,DHL,No,Yes,Shipped,MFN,2026-01-26 05:44:40,
306-3305085-9913151,JJD000030206530000003125291,AT,Yes,2026-01-25 13:46:35,2026-01-29 12:13:00,blconnectpackages,JJD000030206530000003125291,JJD000030206530000003125291,blconnectpackages,dhl,EX_DHL_2446860_NET FOX_JJD_01.02.2026 14.02.xlsx,DRPDOR,2026-01-29 12:13:00,Pri Intl,DHL,No,Yes,Shipped,MFN,2026-01-25 11:52:15,
305-8333814-4306710,JJD000030206530000003114014,AT,Yes,,,blconnectpackages,JJD000030206530000003114014,JJD000030206530000003114014,blconnectpackages,dhl,,,,Std DE Intl_1,DHL,No,Yes,Shipped,MFN,2026-01-22 09:56:56,
305-7116412-5149901,JJD000030206530000003124256,AT,Yes,2026-01-25 09:50:58,2026-01-29 10:13:00,blconnectpackages,JJD000030206530000003124256,JJD000030206530000003124256,blconnectpackages,dhl,EX_DHL_2446860_NET FOX_JJD_01.02.2026 14.02.xlsx,DRPDOR,2026-01-29 10:13:00,Pri Intl,DHL,No,Yes,Shipped,MFN,2026-01-25 08:06:20,
302-9019932-6093930,JJD000030206530000003152689,AT,No,,2026-02-05 15:43:00,,,,,,EX_DHL_2446860_NET FOX_JJD_08.02.2026 17.02.xlsx,DRPDOR,2026-02-05 15:43:00,Std DE Intl_1,DHL,No,Yes,Shipped,MFN,2026-01-31 18:30:22,BL has no package
305-2069121-7973102,JJD000030206530000003154181,AT,No,,2026-02-05 10:57:00,,,,,,EX_DHL_2446860_NET FOX_JJD_08.02.2026 17.02.xlsx,DRPDOR,2026-02-05 10:57:00,Std DE Intl_1,DHL,No,Yes,Shipped,MFN,2026-02-01 09:24:43,BL has no package
302-8750142-2503534,JJD000030206530000003150250,AT,Yes,,,blconnectpackages,JJD000030206530000003150250,JJD000030206530000003150250,blconnectpackages,dhl,EX_DHL_2446860_NET FOX_JJD_08.02.2026 17.02.xlsx,MAGLW,2026-02-04 05:35:29,Pri Intl,DHL,No,No,Shipped,MFN,2026-01-31 11:11:17,
304-8123783-4331526,JJD000030206530000003122647,AT,Yes,2026-01-24 21:06:24,2026-01-29 13:54:00,blconnectpackages,JJD000030206530000003122647,JJD000030206530000003122647,blconnectpackages,dhl,EX_DHL_2446860_NET FOX_JJD_01.02.2026 14.02.xlsx,DRPDOR,2026-01-29 13:54:00,Pri Intl,DHL,No,Yes,Shipped,MFN,2026-01-24 17:37:49,
302-2330032-2226700,JJD000030206530000003166072,AT,Yes,,2026-02-06 13:42:00,blconnectpackages,JJD000030206530000003166072,JJD000030206530000003166072,blconnectpackages,dhl,EX_DHL_2446860_NET FOX_JJD_08.02.2026 17.02.xlsx,DRPDOR,2026-02-06 13:42:00,Pri Intl,DHL,No,Yes,Shipped,MFN,2026-02-03 14:36:12,
302-6732775-5348327,JJD000030206530000003167180,AT,No,,2026-02-09 09:50:00,,,,,,EX_DHL_2446860_NET FOX_JJD_08.02.2026 17.02.xlsx,DRPDOR,2026-02-09 09:50:00,Pri Intl,DHL,No,Yes,Shipped,MFN,2026-02-03 18:26:22,BL has no package
302-9618758-9463508,JJD000030206530000003146963,AT,No,,2026-02-03 18:00:00,,,,,,EX_DHL_2446860_NET FOX_JJD_01.02.2026 14.02.xlsx,DRPDOR,2026-02-03 18:00:00,Pri Intl,DHL,No,Yes,Shipped,MFN,2026-01-30 12:20:30,BL has no package
302-7707046-6557922,JJD000030206530000003102572,AT,No,,,,,,,,,,,Std DE Intl_1,DHL,No,Yes,Shipped,MFN,2026-01-19 05:15:17,BL has no package
303-5538397-5281122,JJD000030206530000003171315,AT,No,,2026-02-07 10:45:00,,,,,,EX_DHL_2446860_NET FOX_JJD_08.02.2026 17.02.xlsx,DRPDOR,2026-02-07 10:45:00,Std DE Intl_1,DHL eCommerce,No,Yes,Shipped,MFN,2026-02-04 17:38:16,BL has no package
306-0081362-5011522,JJD000030206530000003150367,AT,No,,2026-02-04 12:08:00,,,,,,EX_DHL_2446860_NET FOX_JJD_08.02.2026 17.02.xlsx,DRPDOR,2026-02-04 12:08:00,Pri Intl,DHL,No,Yes,Shipped,MFN,2026-01-31 11:28:51,BL has no package
302-7635342-6088331,JJD000030206530000003153668,AT,Yes,,2026-02-04 10:56:00,blconnectpackages,JJD000030206530000003145939,JJD000030206530000003145939,blconnectpackages,dhl,EX_DHL_2446860_NET FOX_JJD_08.02.2026 17.02.xlsx,DRPDOR,2026-02-04 10:56:00,Pri Intl,DHL,No,Yes,Shipped,MFN,2026-01-30 08:34:05,BL tracking differs from Amazon
303-7758489-2107511,JJD000030206530000003144152,AT,No,,2026-02-03 16:08:00,,,,,,EX_DHL_2446860_NET FOX_JJD_01.02.2026 14.02.xlsx,DRPDOR,2026-02-03 16:08:00,Pri Intl,DHL,No,Yes,Shipped,MFN,2026-01-29 15:58:03,BL has no package
304-3620092-4729116,JJD000030206530000003152741,AT,Yes,,2026-02-04 12:35:00,blconnectpackages,JJD000030206530000003152741,JJD000030206530000003152741,blconnectpackages,dhl,EX_DHL_2446860_NET FOX_JJD_08.02.2026 17.02.xlsx,DRPDOR,2026-02-04 12:35:00,Pri Intl,DHL,No,Yes,Shipped,MFN,2026-01-31 18:39:36,
303-2613728-3219553,JJD000030206530000003124065,AT,Yes,2026-01-25 07:40:46,2026-01-29 15:04:00,blconnectpackages,JJD000030206530000003124065,JJD000030206530000003124065,blconnectpackages,dhl,EX_DHL_2446860_NET FOX_JJD_01.02.2026 14.02.xlsx,DRPDOR,2026-01-29 15:04:00,Pri Intl,DHL,No,Yes,Shipped,MFN,2026-01-25 06:00:08,
305-3436364-6235513,JJD000030206530000003154192,AT,No,,2026-02-05 12:16:00,,,,,,EX_DHL_2446860_NET FOX_JJD_08.02.2026 17.02.xlsx,DRPDOR,2026-02-05 12:16:00,Std DE Intl_1,DHL,No,Yes,Shipped,MFN,2026-02-01 09:28:27,BL has no package
303-9746445-0510756,JJD000030206530000003103304,AT,No,,,,,,,,,,,Std DE Intl_1,DHL,No,Yes,Shipped,MFN,2026-01-19 09:24:28,BL has no package
305-4013842-3750737,JJD000030206530000003158938,AT,No,,2026-02-05 11:38:00,,,,,,EX_DHL_2446860_NET FOX_JJD_08.02.2026 17.02.xlsx,DRPDOR,2026-02-05 11:38:00,Std DE Intl_1,DHL,No,Yes,Shipped,MFN,2026-02-01 21:23:43,BL has no package
303-1493331-9398760,JJD000030206530000003165824,AT,Yes,,2026-02-07 11:19:00,blconnectpackages,JJD000030206530000003165824,JJD000030206530000003165824,blconnectpackages,dhl,EX_DHL_2446860_NET FOX_JJD_08.02.2026 17.02.xlsx,DRPDOR,2026-02-07 11:19:00,Pri Intl,DHL,No,Yes,Shipped,MFN,2026-02-03 13:39:01,
306-8715549-6973145,JJD000030206530000003091978,AT,No,,2026-01-20 11:19:00,,,,,,EX_DHL_2446860_NET FOX_JJD_18.01.2026 31.01.xlsx,DRPDOR,2026-01-20 11:19:00,Std DE Intl_1,DHL,No,Yes,Shipped,MFN,2026-01-16 11:37:28,BL has no package
302-1026375-0245113,JJD000030206530000003144865,AT,No,,2026-02-10 15:15:00,,,,,,EX_DHL_2446860_NET FOX_JJD_08.02.2026 17.02.xlsx,DRPDOR,2026-02-10 15:15:00,Pri Intl,DHL,No,No,Shipped,MFN,2026-01-29 19:15:05,BL has no package
302-7029155-1441103,JJD000030206530000003153786,AT,No,,2026-02-05 12:28:00,,,,,,EX_DHL_2446860_NET FOX_JJD_08.02.2026 17.02.xlsx,DRPDOR,2026-02-05 12:28:00,Std DE Intl_1,DHL,No,Yes,Shipped,MFN,2026-02-01 08:15:10,BL has no package
302-6617552-7442769,JJD000030206530000003124352,AT,Yes,2026-01-25 10:35:58,2026-01-29 13:01:00,blconnectpackages,JJD000030206530000003124352,JJD000030206530000003124352,blconnectpackages,dhl,EX_DHL_2446860_NET FOX_JJD_01.02.2026 14.02.xlsx,DRPDOR,2026-01-29 13:01:00,Pri Intl,DHL,No,Yes,Shipped,MFN,2026-01-25 08:44:43,
306-6402741-7143566,JJD000030206530000003123902,AT,Yes,2026-01-25 00:40:49,2026-01-29 12:08:00,blconnectpackages,JJD000030206530000003123902,JJD000030206530000003123902,blconnectpackages,dhl,EX_DHL_2446860_NET FOX_JJD_01.02.2026 14.02.xlsx,DRPDOR,2026-01-29 12:08:00,Pri Intl,DHL,No,Yes,Shipped,MFN,2026-01-24 22:51:59,
306-7338738-6316312,JJD000030206530000003149668,AT,No,,2026-02-04 12:12:00,,,,,,EX_DHL_2446860_NET FOX_JJD_08.02.2026 17.02.xlsx,DRPDOR,2026-02-04 12:12:00,Pri Intl,DHL,No,Yes,Shipped,MFN,2026-01-31 09:17:58,BL has no package
306-8843959-0731528,JJD000030206530000003141042,AT,Yes,,2026-02-03 11:30:00,blconnectpackages,JJD000030206530000003141042,JJD000030206530000003141042,blconnectpackages,dhl,EX_DHL_2446860_NET FOX_JJD_01.02.2026 14.02.xlsx,DRPDOR,2026-02-03 11:30:00,Pri Intl,DHL,No,Yes,Shipped,MFN,2026-01-28 19:06:24,
302-3749142-0500301,JJD000030206530000003128985,AT,Yes,2026-01-26 09:41:10,2026-01-29 10:15:00,blconnectpackages,JJD000030206530000003128985,JJD000030206530000003128985,blconnectpackages,dhl,EX_DHL_2446860_NET FOX_JJD_01.02.2026 14.02.xlsx,DRPDOR,2026-01-29 10:15:00,Pri Intl,DHL,No,Yes,Shipped,MFN,2026-01-26 07:53:51,
028-9066172-1849915,JJD000030206530000003161606,AT,No,,2026-02-06 07:29:00,,,,,,EX_DHL_2446860_NET FOX_JJD_08.02.2026 17.02.xlsx,DRPDOR,2026-02-06 07:29:00,Pri Intl,DHL,No,Yes,Shipped,MFN,2026-02-02 13:53:41,BL has no package
305-6271497-6425104,JJD000030206530000003113675,AT,Yes,,,blconnectpackages,JJD000030206530000003113675,JJD000030206530000003113675,blconnectpackages,dhl,,,,Std DE Intl_1,DHL,No,Yes,Shipped,MFN,2026-01-22 07:18:40,
304-2959861-1536356,JJD000030206530000003176141,AT,Yes,,2026-02-10 09:31:00,blconnectpackages,30646720248,30646720248,blconnectpackages,gls,EX_DHL_2446860_NET FOX_JJD_08.02.2026 17.02.xlsx,DRPDOR,2026-02-10 09:31:00,Pri Intl,DHL,No,Yes,Shipped,MFN,2026-02-05 17:16:18,BL tracking differs from Amazon
028-2535360-4240367,JJD000030206530000003115093,AT,Yes,,,blconnectpackages,JJD000030206530000003113535,JJD000030206530000003113535,blconnectpackages,dhl,,,,Std DE Intl_1,DHL,No,Yes,Shipped,MFN,2026-01-22 06:36:03,BL tracking differs from Amazon
302-4924176-2773107,JJD000030206530000003165739,AT,Yes,,2026-02-06 10:49:00,blconnectpackages,JJD000030206530000003165739,JJD000030206530000003165739,blconnectpackages,dhl,EX_DHL_2446860_NET FOX_JJD_08.02.2026 17.02.xlsx,DRPDOR,2026-02-06 10:49:00,Pri Intl,DHL,No,Yes,Shipped,MFN,2026-02-03 12:55:09,
302-1196045-0861160,JJD000030206530000003122798,AT,Yes,2026-01-24 21:11:28,2026-01-29 12:50:00,blconnectpackages,JJD000030206530000003122798,JJD000030206530000003122798,blconnectpackages,dhl,EX_DHL_2446860_NET FOX_JJD_01.02.2026 14.02.xlsx,DRPDOR,2026-01-29 12:50:00,Pri Intl,DHL,No,Yes,Shipped,MFN,2026-01-24 17:54:33,
305-2058278-0192310,JJD000030206530000003102601,AT,No,,,,,,,,,,,Std DE Intl_1,DHL,No,Yes,Shipped,MFN,2026-01-19 06:01:11,BL has no package
302-9042464-3013911,JJD000030206530000003152678,AT,No,,2026-02-06 11:11:00,,,,,,EX_DHL_2446860_NET FOX_JJD_08.02.2026 17.02.xlsx,DRPDOR,2026-02-06 11:11:00,Std DE Intl_1,DHL,No,Yes,Shipped,MFN,2026-01-31 18:22:55,BL has no package
303-0356038-5081950,JJD000030206530000003122669,AT,Yes,2026-01-24 21:06:24,2026-01-29 12:02:00,blconnectpackages,JJD000030206530000003122669,JJD000030206530000003122669,blconnectpackages,dhl,EX_DHL_2446860_NET FOX_JJD_01.02.2026 14.02.xlsx,DRPDOR,2026-01-29 12:02:00,Pri Intl,DHL,No,Yes,Shipped,MFN,2026-01-24 17:33:50,
303-4360701-6757130,JJD000030206530000003171499,AT,No,,2026-02-10 10:14:00,,,,,,EX_DHL_2446860_NET FOX_JJD_08.02.2026 17.02.xlsx,DRPDOR,2026-02-10 10:14:00,Std DE Intl_1,DHL eCommerce,No,Yes,Shipped,MFN,2026-02-04 18:21:34,BL has no package
306-5094181-7205119,JJD000030206530000003146632,AT,No,,2026-02-03 11:02:00,,,,,,EX_DHL_2446860_NET FOX_JJD_01.02.2026 14.02.xlsx,DRPDOR,2026-02-03 11:02:00,Pri Intl,DHL,No,Yes,Shipped,MFN,2026-01-30 10:57:32,BL has no package
304-7990064-5009937,JJD000030206530000003133004,AT,No,,2026-01-30 07:41:00,,,,,,EX_DHL_2446860_NET FOX_JJD_01.02.2026 14.02.xlsx,DRPDOR,2026-01-30 07:41:00,Pri Intl,DHL,No,Yes,Shipped,MFN,2026-01-26 20:01:20,BL has no package
306-4289471-8775552,JJD000030206530000003162501,AT,Yes,,2026-02-06 12:00:00,blconnectpackages,JJD000030206530000003162501,JJD000030206530000003162501,blconnectpackages,dhl,EX_DHL_2446860_NET FOX_JJD_08.02.2026 17.02.xlsx,DRPDOR,2026-02-06 12:00:00,Pri Intl,DHL,No,Yes,Shipped,MFN,2026-02-02 17:03:02,
302-5016175-7718765,JJD000030206530000003165239,AT,Yes,,2026-02-06 16:37:00,blconnectpackages,JJD000030206530000003165239,JJD000030206530000003165239,blconnectpackages,dhl,EX_DHL_2446860_NET FOX_JJD_08.02.2026 17.02.xlsx,DRPDOR,2026-02-06 16:37:00,Pri Intl,DHL,No,Yes,Shipped,MFN,2026-02-03 11:34:49,
303-8241956-0901154,JJD000030206530000003109940,AT,Yes,,,blconnectpackages,JJD000030206530000003109940,JJD000030206530000003109940,blconnectpackages,dhl,,,,Std DE Intl_1,DHL,No,Yes,Shipped,MFN,2026-01-21 06:53:37,
304-8627464-9473153,JJD000030206530000003157522,AT,No,,2026-02-05 12:43:00,,,,,,EX_DHL_2446860_NET FOX_JJD_08.02.2026 17.02.xlsx,DRPDOR,2026-02-05 12:43:00,Std DE Intl_1,DHL,No,Yes,Shipped,MFN,2026-02-01 17:23:47,BL has no package
028-0982928-5728336,JJD000030206530000003125404,AT,Yes,2026-01-25 14:06:12,2026-01-29 12:23:00,blconnectpackages,JJD000030206530000003125404,JJD000030206530000003125404,blconnectpackages,dhl,EX_DHL_2446860_NET FOX_JJD_01.02.2026 14.02.xlsx,DRPDOR,2026-01-29 12:23:00,Pri Intl,DHL,No,Yes,Shipped,MFN,2026-01-25 12:14:27,
305-5209565-6151547,JJD000030206530000003161886,AT,No,,2026-02-09 12:53:00,,,,,,EX_DHL_2446860_NET FOX_JJD_08.02.2026 17.02.xlsx,DRPDOR,2026-02-09 12:53:00,Pri Intl,DHL,No,Yes,Shipped,MFN,2026-02-02 14:45:23,BL has no package
303-5462801-0489928,JJD000030206530000003108001,AT,Yes,,,blconnectpackages,JJD000030206530000003108001,JJD000030206530000003108001,blconnectpackages,dhl,,,,Std DE Intl_1,DHL,No,Yes,Shipped,MFN,2026-01-20 08:09:08,
304-8738683-2873916,JJD000030206530000003120358,AT,Yes,,2026-01-29 18:00:00,blconnectpackages,JJD000030206530000003120358,JJD000030206530000003120358,blconnectpackages,dhl,EX_DHL_2446860_NET FOX_JJD_01.02.2026 14.02.xlsx,DRPDOR,2026-01-29 18:00:00,Pri Intl,DHL,No,Yes,Shipped,MFN,2026-01-24 07:08:34,
305-0030046-5306777,JJD000030206530000003135848,AT,No,,2026-01-30 13:36:00,,,,,,EX_DHL_2446860_NET FOX_JJD_01.02.2026 14.02.xlsx,DRPDOR,2026-01-30 13:36:00,Pri Intl,DHL,No,Yes,Shipped,MFN,2026-01-27 15:18:17,BL has no package
028-9160418-0036328,JJD000030206530000003183548,DE,Yes,,,blconnectpackages,JJD000030206530000003183548,JJD000030206530000003183548,blconnectpackages,dhl,,,,Pri Dom,DHL,No,Yes,Shipped,MFN,2026-02-07 22:25:51,
028-0645204-7891519,JJD000030206530000003142021,AT,No,,2026-02-03 08:54:00,,,,,,EX_DHL_2446860_NET FOX_JJD_01.02.2026 14.02.xlsx,DRPDOR,2026-02-03 08:54:00,Pri Intl,DHL,No,Yes,Shipped,MFN,2026-01-29 07:48:38,BL has no package
302-7227627-0492311,JJD000030206530000003170005,AT,Yes,,2026-02-07 11:34:00,blconnectpackages,JJD000030206530000003170005,JJD000030206530000003170005,blconnectpackages,dhl,EX_DHL_2446860_NET FOX_JJD_08.02.2026 17.02.xlsx,DRPDOR,2026-02-07 11:34:00,Pri Intl,DHL,No,Yes,Shipped,MFN,2026-02-04 12:53:03,
028-6213773-4732359,JJD000030206530000003122170,AT,Yes,2026-01-24 20:51:53,2026-01-29 10:00:00,blconnectpackages,JJD000030206530000003122170,JJD000030206530000003122170,blconnectpackages,dhl,EX_DHL_2446860_NET FOX_JJD_01.02.2026 14.02.xlsx,DRPDOR,2026-01-29 10:00:00,Pri Intl,DHL,No,Yes,Shipped,MFN,2026-01-24 14:29:06,
028-1734235-6054723,JJD000030206530000003129059,AT,Yes,2026-01-26 10:06:34,2026-01-29 09:31:00,blconnectpackages,JJD000030206530000003129059,JJD000030206530000003129059,blconnectpackages,dhl,EX_DHL_2446860_NET FOX_JJD_01.02.2026 14.02.xlsx,DRPDOR,2026-01-29 09:31:00,Pri Intl,DHL,No,Yes,Shipped,MFN,2026-01-26 08:21:47,
305-8784588-3453950,JJD000030206530000003091732,AT,No,,2026-01-20 12:19:00,,,,,,EX_DHL_2446860_NET FOX_JJD_18.01.2026 31.01.xlsx,DRPDOR,2026-01-20 12:19:00,Std DE Intl_1,DHL,No,Yes,Shipped,MFN,2026-01-16 10:55:02,BL has no package
028-7890147-1610735,JJD000030206530000003125000,AT,Yes,2026-01-25 13:06:16,2026-01-29 10:55:00,blconnectpackages,JJD000030206530000003125000,JJD000030206530000003125000,blconnectpackages,dhl,EX_DHL_2446860_NET FOX_JJD_01.02.2026 14.02.xlsx,DRPDOR,2026-01-29 10:55:00,Pri Intl,DHL,No,Yes,Shipped,MFN,2026-01-25 11:20:35,
302-9295634-8204317,JJD000030206530000003137491,AT,Yes,,2026-02-03 16:22:00,blconnectpackages,JJD000030206530000003137491,JJD000030206530000003137491,blconnectpackages,dhl,EX_DHL_2446860_NET FOX_JJD_01.02.2026 14.02.xlsx,DRPDOR,2026-02-03 16:22:00,Pri Intl,DHL,No,Yes,Shipped,MFN,2026-01-27 21:25:56,
304-7544720-2631568,JJD000030206530000003117922,AT,Yes,,,blconnectpackages,JJD000030206530000003117922,JJD000030206530000003117922,blconnectpackages,dhl,,,,Pri Intl,DHL,No,Yes,Shipped,MFN,2026-01-23 10:46:32,
304-7323824-2057147,JJD000030206530000003120303,AT,Yes,2026-01-24 08:21:07,2026-01-29 14:40:00,blconnectpackages,JJD000030206530000003120303,JJD000030206530000003120303,blconnectpackages,dhl,EX_DHL_2446860_NET FOX_JJD_01.02.2026 14.02.xlsx,DRPDOR,2026-01-29 14:40:00,Pri Intl,DHL,No,Yes,Shipped,MFN,2026-01-24 06:40:48,
304-7866468-1356354,JJD000030206530000003150345,AT,No,,2026-02-04 13:32:00,,,,,,EX_DHL_2446860_NET FOX_JJD_08.02.2026 17.02.xlsx,DRPDOR,2026-02-04 13:32:00,Pri Intl,DHL,No,Yes,Shipped,MFN,2026-01-31 11:24:00,BL has no package
302-7759285-3626743,JJD000030206530000003142510,AT,Yes,,2026-02-03 14:52:00,blconnectpackages,JJD000030206530000003142510,JJD000030206530000003142510,blconnectpackages,dhl,EX_DHL_2446860_NET FOX_JJD_01.02.2026 14.02.xlsx,DRPDOR,2026-02-03 14:52:00,Pri Intl,DHL,No,Yes,Shipped,MFN,2026-01-29 09:26:57,
303-4567796-1379557,JJD000030206530000003120623,AT,No,,2026-01-29 11:16:00,,,,,,EX_DHL_2446860_NET FOX_JJD_01.02.2026 14.02.xlsx,DRPDOR,2026-01-29 11:16:00,Pri Intl,DHL,No,Yes,Shipped,MFN,2026-01-24 08:49:24,BL has no package
306-9407361-6735548,JJD000030206530000003117680,AT,Yes,,,blconnectpackages,JJD000030206530000003117680,JJD000030206530000003117680,blconnectpackages,dhl,,,,Std DE Intl_1,DHL,No,Yes,Shipped,MFN,2026-01-23 10:04:34,
303-3704760-6365942,JJD000030206530000003129740,DE,Yes,2026-01-26 12:20:52,2026-01-29 10:16:00,blconnectpackages,JJD000030206530000003129740,JJD000030206530000003129740,blconnectpackages,dhl,EX_DHL_2446860_NET FOX_JJD_01.02.2026 14.02.xlsx,DRPDOR,2026-01-29 10:16:00,Pri Dom,DHL,No,Yes,Shipped,MFN,2026-01-26 07:15:05,
028-8220219-8625965,JJD000030206530000003136743,AT,No,,2026-01-31 11:10:00,,,,,,EX_DHL_2446860_NET FOX_JJD_01.02.2026 14.02.xlsx,DRPDOR,2026-01-31 11:10:00,Pri Intl,DHL,No,Yes,Shipped,MFN,2026-01-27 18:22:06,BL has no package
306-6870333-9426714,JJD000030206530000003164003,AT,No,,2026-02-09 12:25:00,,,,,,EX_DHL_2446860_NET FOX_JJD_08.02.2026 17.02.xlsx,DRPDOR,2026-02-09 12:25:00,Pri Intl,DHL,No,Yes,Shipped,MFN,2026-02-03 05:59:27,BL has no package
304-4542899-8963502,JJD000030206530000003167657,AT,Yes,,2026-02-07 11:40:00,blconnectpackages,JJD000030206530000003167657,JJD000030206530000003167657,blconnectpackages,dhl,EX_DHL_2446860_NET FOX_JJD_08.02.2026 17.02.xlsx,DRPDOR,2026-02-07 11:40:00,Pri Intl,DHL,No,Yes,Shipped,MFN,2026-02-03 20:08:57,
305-5343374-0843501,JJD000030206530000003191097,AT,No,,,,,,,,,,,Pri Intl,DHL,No,Yes,Shipped,MFN,2026-02-09 16:55:48,BL has no package
028-4582536-0457105,JJD000030206530000003137413,AT,No,,2026-01-31 14:25:00,,,,,,EX_DHL_2446860_NET FOX_JJD_01.02.2026 14.02.xlsx,DRPDOR,2026-01-31 14:25:00,Pri Intl,DHL,No,Yes,Shipped,MFN,2026-01-27 20:54:52,BL has no package
306-0455723-0599507,JJD000030206530000003124992,AT,Yes,2026-01-25 13:06:16,2026-01-29 10:13:00,blconnectpackages,JJD000030206530000003124992,JJD000030206530000003124992,blconnectpackages,dhl,EX_DHL_2446860_NET FOX_JJD_01.02.2026 14.02.xlsx,DRPDOR,2026-01-29 10:13:00,Pri Intl,DHL,No,Yes,Shipped,MFN,2026-01-25 11:18:18,
304-0772749-9564367,JJD000030206530000003134285,AT,No,,2026-01-30 10:32:00,,,,,,EX_DHL_2446860_NET FOX_JJD_01.02.2026 14.02.xlsx,DRPDOR,2026-01-30 10:32:00,Pri Intl,DHL,No,Yes,Shipped,MFN,2026-01-27 09:00:51,BL has no package
028-2262230-4127562,JJD000030206530000003154467,AT,No,,2026-02-05 09:12:00,,,,,,EX_DHL_2446860_NET FOX_JJD_08.02.2026 17.02.xlsx,DRPDOR,2026-02-05 09:12:00,Std DE Intl_1,DHL,No,Yes,Shipped,MFN,2026-02-01 10:00:47,BL has no package
303-1698972-6715501,JJD000030206530000003118350,AT,Yes,,,blconnectpackages,JJD000030206530000003118350,JJD000030206530000003118350,blconnectpackages,dhl,,,,Pri Intl,DHL,No,Yes,Shipped,MFN,2026-01-23 13:02:32,
302-3130668-0859530,JJD000030206530000003140850,AT,No,,2026-01-31 15:40:00,,,,,,EX_DHL_2446860_NET FOX_JJD_01.02.2026 14.02.xlsx,DRPDOR,2026-01-31 15:40:00,Pri Intl,DHL,No,Yes,Shipped,MFN,2026-01-28 17:32:58,BL has no package
304-0801039-4273955,JJD000030206530000003115199,AT,No,,,,,,,,,,,Std DE Intl_1,DHL,No,Yes,Shipped,MFN,2026-01-22 14:28:53,BL has no package
302-7714833-6007535,JJD000030206530000003130270,AT,Yes,2026-01-26 13:36:18,2026-01-29 12:26:00,blconnectpackages,JJD000030206530000003130270,JJD000030206530000003130270,blconnectpackages,dhl,EX_DHL_2446860_NET FOX_JJD_01.02.2026 14.02.xlsx,DRPDOR,2026-01-29 12:26:00,Pri Intl,DHL,No,Yes,Shipped,MFN,2026-01-26 11:45:35,
304-6606741-1778752,JJD000030206530000003158512,AT,Yes,,2026-02-05 15:57:00,blconnectpackages,JJD000030206530000003158512,JJD000030206530000003158512,blconnectpackages,dhl,EX_DHL_2446860_NET FOX_JJD_08.02.2026 17.02.xlsx,DRPDOR,2026-02-05 15:57:00,Std DE Intl_1,DHL,No,Yes,Shipped,MFN,2026-02-01 19:51:34,
028-9238949-8473902,JJD000030206530000003122670,AT,Yes,2026-01-24 21:06:24,2026-01-29 11:27:00,blconnectpackages,JJD000030206530000003122670,JJD000030206530000003122670,blconnectpackages,dhl,EX_DHL_2446860_NET FOX_JJD_01.02.2026 14.02.xlsx,DRPDOR,2026-01-29 11:27:00,Pri Intl,DHL,No,Yes,Shipped,MFN,2026-01-24 17:35:43,
303-3229850-4528361,JJD000030206530000003175606,DE,Yes,,,blconnectpackages,JJD000030206530000003175606,JJD000030206530000003175606,blconnectpackages,dhl,EX_DHL_2446860_NET FOX_JJD_08.02.2026 17.02.xlsx,MAGLW,2026-02-08 15:51:27,Pri Dom,DHL,No,Yes,Shipped,MFN,2026-02-05 20:07:30,
302-2637996-8382718,JJD000030206530000003124521,AT,Yes,2026-01-25 11:16:13,2026-01-29 13:03:00,blconnectpackages,JJD000030206530000003124521,JJD000030206530000003124521,blconnectpackages,dhl,EX_DHL_2446860_NET FOX_JJD_01.02.2026 14.02.xlsx,DRPDOR,2026-01-29 13:03:00,Pri Intl,DHL,No,Yes,Shipped,MFN,2026-01-25 09:21:45,
028-6492308-5173911,JJD000030206530000003159793,AT,No,,2026-02-05 11:18:00,,,,,,EX_DHL_2446860_NET FOX_JJD_08.02.2026 17.02.xlsx,DRPDOR,2026-02-05 11:18:00,Std DE Intl_1,DHL,No,Yes,Shipped,MFN,2026-02-02 07:31:30,BL has no package
302-2049164-8661156,JJD000030206530000003157926,AT,No,,2026-02-05 12:52:00,,,,,,EX_DHL_2446860_NET FOX_JJD_08.02.2026 17.02.xlsx,DRPDOR,2026-02-05 12:52:00,Std DE Intl_1,DHL,No,Yes,Shipped,MFN,2026-02-01 18:24:27,BL has no package
302-3124722-3909902,JJD000030206530000003162405,AT,No,,2026-02-06 11:00:00,,,,,,EX_DHL_2446860_NET FOX_JJD_08.02.2026 17.02.xlsx,DRPDOR,2026-02-06 11:00:00,Pri Intl,DHL,No,Yes,Shipped,MFN,2026-02-02 16:45:18,BL has no package
306-8279109-3985953,JJD000030206530000003125448,AT,Yes,2026-01-25 14:16:04,2026-01-29 14:05:00,blconnectpackages,JJD000030206530000003125448,JJD000030206530000003125448,blconnectpackages,dhl,EX_DHL_2446860_NET FOX_JJD_01.02.2026 14.02.xlsx,DRPDOR,2026-01-29 14:05:00,Pri Intl,DHL,No,Yes,Shipped,MFN,2026-01-25 12:30:57,
306-9780567-5753913,JJD000030206530000003153933,AT,Yes,,2026-02-04 11:42:00,blconnectpackages,JJD000030206530000003153933,JJD000030206530000003153933,blconnectpackages,dhl,EX_DHL_2446860_NET FOX_JJD_08.02.2026 17.02.xlsx,DRPDOR,2026-02-04 11:42:00,Std DE Intl_1,DHL,No,Yes,Shipped,MFN,2026-02-01 08:48:27,
303-2684273-6723527,JJD000030206530000003142330,AT,No,,2026-02-03 12:59:00,,,,,,EX_DHL_2446860_NET FOX_JJD_01.02.2026 14.02.xlsx,DRPDOR,2026-02-03 12:59:00,Pri Intl,DHL,No,Yes,Shipped,MFN,2026-01-29 08:44:10,BL has no package
305-5641189-2869163,JJD000030206530000003121624,AT,No,,2026-01-29 09:30:00,,,,,,EX_DHL_2446860_NET FOX_JJD_01.02.2026 14.02.xlsx,DRPDOR,2026-01-29 09:30:00,Pri Intl,DHL,No,Yes,Shipped,MFN,2026-01-24 12:44:34,BL has no package
028-1421152-5584322,JJD000030206530000003117602,AT,Yes,2026-01-23 11:21:06,,blconnectpackages,JJD000030206530000003117602,JJD000030206530000003117602,blconnectpackages,dhl,,,,Std DE Intl_1,DHL,No,Yes,Shipped,MFN,2026-01-23 09:32:51,
305-0793787-6249919,JJD000030206530000003219807,DE,No,,,,,,,,,,,Std DE Dom_1,DHL,No,Yes,Shipped,MFN,2026-02-16 23:04:56,BL has no package
303-0703397-8437908,JJD000030206530000003134656,AT,No,,2026-02-02 10:20:00,,,,,,EX_DHL_2446860_NET FOX_JJD_01.02.2026 14.02.xlsx,DRPDOR,2026-02-02 10:20:00,Pri Intl,DHL,No,Yes,Shipped,MFN,2026-01-27 09:58:43,BL has no package
302-9813520-2588336,JJD000030206530000003157055,AT,Yes,,2026-02-05 09:03:00,blconnectpackages,JJD000030206530000003157055,JJD000030206530000003157055,blconnectpackages,dhl,EX_DHL_2446860_NET FOX_JJD_08.02.2026 17.02.xlsx,DRPDOR,2026-02-05 09:03:00,Pri Intl,DHL,No,Yes,Shipped,MFN,2026-02-01 16:21:45,
305-6893074-8451543,JJD000030206530000003162983,AT,No,,2026-02-06 12:24:00,,,,,,EX_DHL_2446860_NET FOX_JJD_08.02.2026 17.02.xlsx,DRPDOR,2026-02-06 12:24:00,Pri Intl,DHL,No,Yes,Shipped,MFN,2026-02-02 18:58:14,BL has no package
306-0904831-3753959,JJD000030206530000003142403,AT,No,,2026-02-03 13:57:00,,,,,,EX_DHL_2446860_NET FOX_JJD_01.02.2026 14.02.xlsx,DRPDOR,2026-02-03 13:57:00,Pri Intl,DHL,No,Yes,Shipped,MFN,2026-01-29 08:57:34,BL has no package
305-6245491-2663557,JJD000030206530000003128407,AT,No,,2026-01-30 13:42:00,,,,,,EX_DHL_2446860_NET FOX_JJD_01.02.2026 14.02.xlsx,DRPDOR,2026-01-30 13:42:00,Pri Intl,DHL,No,Yes,Shipped,MFN,2026-01-24 07:20:44,BL has no package
302-7524228-8205953,JJD000030206530000003134785,AT,Yes,,2026-01-30 15:10:00,blconnectpackages,JJD000030206530000003134785,JJD000030206530000003134785,blconnectpackages,dhl,EX_DHL_2446860_NET FOX_JJD_01.02.2026 14.02.xlsx,DRPDOR,2026-01-30 15:10:00,Pri Intl,DHL,No,Yes,Shipped,MFN,2026-01-27 10:33:45,
305-9119262-8609911,JJD000030206530000003124183,AT,Yes,2026-01-25 09:11:11,2026-01-29 09:27:00,blconnectpackages,JJD000030206530000003124183,JJD000030206530000003124183,blconnectpackages,dhl,EX_DHL_2446860_NET FOX_JJD_01.02.2026 14.02.xlsx,DRPDOR,2026-01-29 09:27:00,Pri Intl,DHL,No,Yes,Shipped,MFN,2026-01-25 07:32:08,
306-1810843-1670721,JJD000030206530000003124021,AT,Yes,2026-01-25 06:01:03,2026-01-30 11:54:00,blconnectpackages,JJD000030206530000003124021,JJD000030206530000003124021,blconnectpackages,dhl,EX_DHL_2446860_NET FOX_JJD_01.02.2026 14.02.xlsx,DRPDOR,2026-01-30 11:54:00,Std DE Intl_1,DHL,No,Yes,Shipped,MFN,2026-01-25 04:15:01,
028-4514110-2574747,JJD000030206530000003133868,AT,No,,2026-01-30 10:49:00,,,,,,EX_DHL_2446860_NET FOX_JJD_01.02.2026 14.02.xlsx,DRPDOR,2026-01-30 10:49:00,Pri Intl,DHL,No,Yes,Shipped,MFN,2026-01-27 07:23:46,BL has no package
304-5912982-2306723,JJD000030206530000003140489,AT,No,,2026-01-31 11:55:00,,,,,,EX_DHL_2446860_NET FOX_JJD_01.02.2026 14.02.xlsx,DRPDOR,2026-01-31 11:55:00,Pri Intl,DHL,No,Yes,Shipped,MFN,2026-01-28 16:16:25,BL has no package
305-9356498-6175523,JJD000030206530000003103977,AT,No,,,,,,,,,,,Std DE Intl_1,DHL,No,Yes,Shipped,MFN,2026-01-19 12:31:29,BL has no package
305-2691843-4266746,JJD000030206530000003106329,AT,Yes,,,blconnectpackages,JJD000030206530000003106329,JJD000030206530000003106329,blconnectpackages,dhl,,,,Std DE Intl_1,DHL,No,Yes,Shipped,MFN,2026-01-19 21:55:41,
303-7273024-3442754,JJD000030206530000003133846,AT,No,,2026-01-30 11:31:00,,,,,,EX_DHL_2446860_NET FOX_JJD_01.02.2026 14.02.xlsx,DRPDOR,2026-01-30 11:31:00,Pri Intl,DHL,No,Yes,Shipped,MFN,2026-01-27 07:22:07,BL has no package
306-7910045-8040340,JJD000030206530000003120274,AT,No,,2026-01-31 13:08:00,,,,,,EX_DHL_2446860_NET FOX_JJD_01.02.2026 14.02.xlsx,DRPDOR,2026-01-31 13:08:00,Pri Intl,DHL,No,Yes,Shipped,MFN,2026-01-24 04:47:44,BL has no package
302-4496496-4855543,JJD000030206530000003133302,AT,Yes,,2026-01-30 07:58:00,blconnectpackages,JJD000030206530000003133302,JJD000030206530000003133302,blconnectpackages,dhl,EX_DHL_2446860_NET FOX_JJD_01.02.2026 14.02.xlsx,DRPDOR,2026-01-30 07:58:00,Pri Intl,DHL,No,Yes,Shipped,MFN,2026-01-26 21:36:59,
305-7957294-4094751,JJD000030206530000003131642,AT,No,,2026-01-29 09:24:00,,,,,,EX_DHL_2446860_NET FOX_JJD_01.02.2026 14.02.xlsx,DRPDOR,2026-01-29 09:24:00,Pri Intl,DHL,No,Yes,Shipped,MFN,2026-01-26 15:59:19,BL has no package
303-8734026-5851522,JJD000030206530000003150356,AT,No,,2026-02-04 10:40:00,,,,,,EX_DHL_2446860_NET FOX_JJD_08.02.2026 17.02.xlsx,DRPDOR,2026-02-04 10:40:00,Pri Intl,DHL,No,Yes,Shipped,MFN,2026-01-31 11:29:23,BL has no package
303-2014696-2579535,JJD000030206530000003106054,AT,No,,,,,,,,,,,Std DE Intl_1,DHL,No,Yes,Shipped,MFN,2026-01-19 19:43:05,BL has no package
303-6056485-3306752,JJD000030206530000003117691,DE,Yes,,,blconnectpackages,JJD000030206530000003117691,JJD000030206530000003117691,blconnectpackages,dhl,,,,Std DE Dom_7,DHL,No,Yes,Shipped,MFN,2026-01-23 10:11:16,
302-5880809-2054740,JJD000030206530000003122658,AT,Yes,2026-01-24 21:06:24,2026-01-29 18:02:00,blconnectpackages,JJD000030206530000003122658,JJD000030206530000003122658,blconnectpackages,dhl,EX_DHL_2446860_NET FOX_JJD_01.02.2026 14.02.xlsx,DRPDOR,2026-01-29 18:02:00,Pri Intl,DHL,No,Yes,Shipped,MFN,2026-01-24 17:38:29,
028-3495342-4296336,JJD000030206530000003188509,AT,No,,,,,,,,,,,Pri Intl,DHL,No,Yes,Shipped,MFN,2026-02-08 11:07:54,BL has no package
304-0127584-1205952,JJD000030206530000003147251,AT,No,,2026-02-03 10:22:00,,,,,,EX_DHL_2446860_NET FOX_JJD_01.02.2026 14.02.xlsx,DRPDOR,2026-02-03 10:22:00,Pri Intl,DHL,No,Yes,Shipped,MFN,2026-01-30 13:22:42,BL has no package
304-0022735-9145123,JJD000030206530000003136552,AT,No,,2026-01-30 09:33:00,,,,,,EX_DHL_2446860_NET FOX_JJD_01.02.2026 14.02.xlsx,DRPDOR,2026-01-30 09:33:00,Pri Intl,DHL,No,Yes,Shipped,MFN,2026-01-27 17:48:44,BL has no package
303-5100142-1326701,JJD000030206530000003143195,AT,No,,2026-02-03 14:59:00,,,,,,EX_DHL_2446860_NET FOX_JJD_01.02.2026 14.02.xlsx,DRPDOR,2026-02-03 14:59:00,Pri Intl,DHL,No,Yes,Shipped,MFN,2026-01-29 12:26:08,BL has no package
306-6930143-0088333,JJD000030206530000003165368,AT,No,,2026-02-07 12:04:00,,,,,,EX_DHL_2446860_NET FOX_JJD_08.02.2026 17.02.xlsx,DRPDOR,2026-02-07 12:04:00,Pri Intl,DHL,No,Yes,Shipped,MFN,2026-02-03 11:59:01,BL has no package
028-6800296-1673920,JJD000030206530000003128801,AT,Yes,,2026-01-29 12:03:00,blconnectpackages,JJD000030206530000003119660,JJD000030206530000003119660,blconnectpackages,dhl,EX_DHL_2446860_NET FOX_JJD_01.02.2026 14.02.xlsx,DRPDOR,2026-01-29 12:03:00,Pri Intl,DHL,No,Yes,Shipped,MFN,2026-01-23 19:10:52,BL tracking differs from Amazon
303-9264389-6972362,JJD000030206530000003152083,AT,Yes,,2026-02-05 13:40:00,blconnectpackages,JJD000030206530000003152083,JJD000030206530000003152083,blconnectpackages,dhl,EX_DHL_2446860_NET FOX_JJD_08.02.2026 17.02.xlsx,DRPDOR,2026-02-05 13:40:00,Pri Intl,DHL,No,Yes,Shipped,MFN,2026-01-31 16:37:43,
303-3413984-4623517,JJD000030206530000003122210,AT,Yes,2026-01-24 20:51:53,2026-01-29 13:12:00,blconnectpackages,JJD000030206530000003122210,JJD000030206530000003122210,blconnectpackages,dhl,EX_DHL_2446860_NET FOX_JJD_01.02.2026 14.02.xlsx,DRPDOR,2026-01-29 13:12:00,Pri Intl,DHL,No,Yes,Shipped,MFN,2026-01-24 14:57:28,
304-9183685-2210704,JJD000030206530000003152881,AT,Yes,,2026-02-04 11:13:00,blconnectpackages,JJD000030206530000003152881,JJD000030206530000003152881,blconnectpackages,dhl,EX_DHL_2446860_NET FOX_JJD_08.02.2026 17.02.xlsx,DRPDOR,2026-02-04 11:13:00,Std DE Intl_1,DHL,No,Yes,Shipped,MFN,2026-01-31 19:02:39,
304-6022586-3779505,JJD000030206530000003147931,AT,Yes,,2026-02-03 11:21:00,blconnectpackages,JJD000030206530000003147931,JJD000030206530000003147931,blconnectpackages,dhl,EX_DHL_2446860_NET FOX_JJD_01.02.2026 14.02.xlsx,DRPDOR,2026-02-03 11:21:00,Std DE Intl_1,DHL,No,Yes,Shipped,MFN,2026-01-30 16:12:50,
303-3867424-0593921,JJD000030206530000003137340,AT,Yes,,2026-01-31 10:51:00,blconnectpackages,JJD000030206530000003137340,JJD000030206530000003137340,blconnectpackages,dhl,EX_DHL_2446860_NET FOX_JJD_01.02.2026 14.02.xlsx,DRPDOR,2026-01-31 10:51:00,Pri Intl,DHL,No,Yes,Shipped,MFN,2026-01-27 20:42:25,
306-0908013-5884325,JJD000030206530000003161959,AT,Yes,,2026-02-05 12:58:00,blconnectpackages,JJD000030206530000003161959,JJD000030206530000003161959,blconnectpackages,dhl,EX_DHL_2446860_NET FOX_JJD_08.02.2026 17.02.xlsx,DRPDOR,2026-02-05 12:58:00,Pri Intl,DHL,No,Yes,Shipped,MFN,2026-02-02 15:04:31,
028-7342390-4849940,JJD000030206530000003121006,AT,No,,2026-01-29 11:10:00,,,,,,EX_DHL_2446860_NET FOX_JJD_01.02.2026 14.02.xlsx,DRPDOR,2026-01-29 11:10:00,Pri Intl,DHL,No,Yes,Shipped,MFN,2026-01-24 10:26:43,BL has no package
028-8548694-2657939,JJD000030206530000003143386,AT,Yes,2026-01-29 14:51:02,2026-02-03 11:44:00,blconnectpackages,JJD000030206530000003143386,JJD000030206530000003143386,blconnectpackages,dhl,EX_DHL_2446860_NET FOX_JJD_01.02.2026 14.02.xlsx,DRPDOR,2026-02-03 11:44:00,Pri Intl,DHL,No,Yes,Shipped,MFN,2026-01-29 13:02:07,
304-6672210-1026742,JJD000030206530000003125555,AT,Yes,2026-01-25 14:36:13,2026-01-29 09:33:00,blconnectpackages,JJD000030206530000003125555,JJD000030206530000003125555,blconnectpackages,dhl,EX_DHL_2446860_NET FOX_JJD_01.02.2026 14.02.xlsx,DRPDOR,2026-01-29 09:33:00,Pri Intl,DHL,No,Yes,Shipped,MFN,2026-01-25 12:43:36,
028-2656099-1702738,JJD000030206530000003170612,AT,Yes,,2026-02-10 10:34:00,blconnectpackages,JJD000030206530000003170612,JJD000030206530000003170612,blconnectpackages,dhl,EX_DHL_2446860_NET FOX_JJD_08.02.2026 17.02.xlsx,DRPDOR,2026-02-10 10:34:00,Pri Intl,DHL,No,Yes,Shipped,MFN,2026-02-04 15:45:52,
302-8529383-7997925,JJD000030206530000003157544,AT,No,,2026-02-05 12:07:00,,,,,,EX_DHL_2446860_NET FOX_JJD_08.02.2026 17.02.xlsx,DRPDOR,2026-02-05 12:07:00,Std DE Intl_1,DHL,No,Yes,Shipped,MFN,2026-02-01 17:30:15,BL has no package
305-7102779-2817919,JJD000030206530000003105840,AT,Yes,,,blconnectpackages,JJD000030206530000003105840,JJD000030206530000003105840,blconnectpackages,dhl,,,,Std DE Intl_1,DHL,No,Yes,Shipped,MFN,2026-01-19 19:07:45,
302-8592896-5717110,JJD000030206530000003152892,AT,Yes,,2026-02-04 10:53:00,blconnectpackages,JJD000030206530000003152892,JJD000030206530000003152892,blconnectpackages,dhl,EX_DHL_2446860_NET FOX_JJD_08.02.2026 17.02.xlsx,DRPDOR,2026-02-04 10:53:00,Std DE Intl_1,DHL,No,Yes,Shipped,MFN,2026-01-31 19:10:45,
304-2622730-5731519,JJD000030206530000003153860,AT,No,,2026-02-05 13:45:00,,,,,,EX_DHL_2446860_NET FOX_JJD_08.02.2026 17.02.xlsx,DRPDOR,2026-02-05 13:45:00,Std DE Intl_1,DHL,No,Yes,Shipped,MFN,2026-02-01 08:28:40,BL has no package
304-2668262-0305957,JJD000030206530000003147740,AT,Yes,,2026-02-03 12:53:00,blconnectpackages,JJD000030206530000003147740,JJD000030206530000003147740,blconnectpackages,dhl,EX_DHL_2446860_NET FOX_JJD_01.02.2026 14.02.xlsx,DRPDOR,2026-02-03 12:53:00,Pri Intl,DHL,No,Yes,Shipped,MFN,2026-01-30 15:23:10,
306-2056770-6847510,JJD000030206530000003170218,AT,No,,2026-02-07 12:04:00,,,,,,EX_DHL_2446860_NET FOX_JJD_08.02.2026 17.02.xlsx,DRPDOR,2026-02-07 12:04:00,Pri Intl,DHL,No,Yes,Shipped,MFN,2026-02-04 13:48:58,BL has no package
302-4494371-5789913,JJD000030206530000003131631,AT,No,,2026-01-30 10:09:00,,,,,,EX_DHL_2446860_NET FOX_JJD_01.02.2026 14.02.xlsx,DRPDOR,2026-01-30 10:09:00,Pri Intl,DHL,No,Yes,Shipped,MFN,2026-01-26 16:00:03,BL has no package
305-3455588-1650757,JJD000030206530000003162927,AT,No,,2026-02-06 10:23:00,,,,,,EX_DHL_2446860_NET FOX_JJD_08.02.2026 17.02.xlsx,DRPDOR,2026-02-06 10:23:00,Std DE Intl_1,DHL,No,Yes,Shipped,MFN,2026-02-02 18:24:52,BL has no package
305-2928907-4782704,JJD000030206530000003168563,AT,Yes,,2026-02-09 12:20:00,blconnectpackages,JJD000030206530000003168563,JJD000030206530000003168563,blconnectpackages,dhl,EX_DHL_2446860_NET FOX_JJD_08.02.2026 17.02.xlsx,DRPDOR,2026-02-09 12:20:00,Pri Intl,DHL,No,Yes,Shipped,MFN,2026-02-04 05:58:50,
028-4405945-6855528,JJD000030206530000003152870,AT,Yes,,2026-02-05 10:47:00,blconnectpackages,JJD000030206530000003152870,JJD000030206530000003152870,blconnectpackages,dhl,EX_DHL_2446860_NET FOX_JJD_08.02.2026 17.02.xlsx,DRPDOR,2026-02-05 10:47:00,Std DE Intl_1,DHL,No,Yes,Shipped,MFN,2026-01-31 19:04:27,
306-7736404-1450739,JJD000030206530000003125566,AT,Yes,2026-01-25 14:36:13,2026-01-29 13:47:00,blconnectpackages,JJD000030206530000003125566,JJD000030206530000003125566,blconnectpackages,dhl,EX_DHL_2446860_NET FOX_JJD_01.02.2026 14.02.xlsx,DRPDOR,2026-01-29 13:47:00,Pri Intl,DHL,No,Yes,Shipped,MFN,2026-01-25 12:45:37,
304-3536762-5077160,JJD000030206530000003146069,AT,Yes,,2026-02-03 11:26:00,blconnectpackages,JJD000030206530000003146069,JJD000030206530000003146069,blconnectpackages,dhl,EX_DHL_2446860_NET FOX_JJD_01.02.2026 14.02.xlsx,DRPDOR,2026-02-03 11:26:00,Pri Intl,DHL,No,Yes,Shipped,MFN,2026-01-30 09:05:10,
304-9376146-8897943,JJD000030206530000003149326,AT,Yes,,2026-02-05 10:43:00,blconnectpackages,JJD000030206530000003149326,JJD000030206530000003149326,blconnectpackages,dhl,EX_DHL_2446860_NET FOX_JJD_08.02.2026 17.02.xlsx,DRPDOR,2026-02-05 10:43:00,Pri Intl,DHL,No,Yes,Shipped,MFN,2026-01-31 07:32:16,
303-8915587-1164305,JJD000030206530000003160329,AT,Yes,,2026-02-05 21:42:00,blconnectpackages,JJD000030206530000003160329,JJD000030206530000003160329,blconnectpackages,dhl,EX_DHL_2446860_NET FOX_JJD_08.02.2026 17.02.xlsx,DRPDOR,2026-02-05 21:42:00,Std DE Intl_1,DHL,No,Yes,Shipped,MFN,2026-02-02 09:36:32,
304-1644390-6913960,JJD000030206530000003123682,AT,Yes,2026-01-24 22:26:23,2026-01-29 12:45:00,blconnectpackages,JJD000030206530000003123682,JJD000030206530000003123682,blconnectpackages,dhl,EX_DHL_2446860_NET FOX_JJD_01.02.2026 14.02.xlsx,DRPDOR,2026-01-29 12:45:00,Pri Intl,DHL,No,Yes,Shipped,MFN,2026-01-24 20:40:57,
302-7972864-6697945,JJD000030206530000003128463,AT,Yes,2026-01-26 07:31:27,2026-01-29 14:44:00,blconnectpackages,JJD000030206530000003128463,JJD000030206530000003128463,blconnectpackages,dhl,EX_DHL_2446860_NET FOX_JJD_01.02.2026 14.02.xlsx,DRPDOR,2026-01-29 14:44:00,Pri Intl,DHL,No,Yes,Shipped,MFN,2026-01-26 05:31:24,
306-7773031-7854720,JJD000030206530000003151526,AT,No,,2026-02-04 12:40:00,,,,,,EX_DHL_2446860_NET FOX_JJD_08.02.2026 17.02.xlsx,DRPDOR,2026-02-04 12:40:00,Pri Intl,DHL,No,Yes,Shipped,MFN,2026-01-31 14:54:56,BL has no package
302-8989050-5272352,JJD000030206530000003151239,AT,Yes,,2026-02-05 09:29:00,blconnectpackages,JJD000030206530000003151239,JJD000030206530000003151239,blconnectpackages,dhl,EX_DHL_2446860_NET FOX_JJD_08.02.2026 17.02.xlsx,DRPDOR,2026-02-05 09:29:00,Pri Intl,DHL,No,Yes,Shipped,MFN,2026-01-31 13:38:50,
028-1141674-0873132,JJD000030206530000003160458,AT,No,,2026-02-05 12:38:00,,,,,,EX_DHL_2446860_NET FOX_JJD_08.02.2026 17.02.xlsx,DRPDOR,2026-02-05 12:38:00,Std DE Intl_1,DHL,No,Yes,Shipped,MFN,2026-02-02 09:53:54,BL has no package
306-5020051-6533960,JJD000030206530000003104692,AT,No,,,,,,,,,,,Std DE Intl_1,DHL,No,Yes,Shipped,MFN,2026-01-19 14:16:55,BL has no package
028-2266290-9986765,JJD000030206530000003172316,DE,No,,,,,,,,EX_DHL_2446860_NET FOX_JJD_08.02.2026 17.02.xlsx,MAGLW,2026-02-06 08:05:26,Pri Dom,DHL,No,Yes,Shipped,MFN,2026-02-05 04:53:35,BL has no package
303-2378893-2605146,JJD000030206530000003122349,AT,Yes,2026-01-24 20:56:29,2026-02-02 11:35:00,blconnectpackages,JJD000030206530000003122349,JJD000030206530000003122349,blconnectpackages,dhl,EX_DHL_2446860_NET FOX_JJD_01.02.2026 14.02.xlsx,DRPDOR,2026-02-02 11:35:00,Pri Intl,DHL,No,No,Shipped,MFN,2026-01-24 16:01:33,
304-9848650-6029108,JJD000030206530000003142701,AT,No,,2026-02-03 09:12:00,,,,,,EX_DHL_2446860_NET FOX_JJD_01.02.2026 14.02.xlsx,DRPDOR,2026-02-03 09:12:00,Pri Intl,DHL,No,Yes,Shipped,MFN,2026-01-29 10:27:13,BL has no package
304-3592228-7936305,JJD000030206530000003146974,AT,Yes,,2026-02-03 11:29:00,blconnectpackages,JJD000030206530000003146974,JJD000030206530000003146974,blconnectpackages,dhl,EX_DHL_2446860_NET FOX_JJD_01.02.2026 14.02.xlsx,DRPDOR,2026-02-03 11:29:00,Pri Intl,DHL,No,Yes,Shipped,MFN,2026-01-30 12:31:21,
306-8367617-9550723,JJD000030206530000003120796,AT,No,,2026-01-29 09:46:00,,,,,,EX_DHL_2446860_NET FOX_JJD_01.02.2026 14.02.xlsx,DRPDOR,2026-01-29 09:46:00,Pri Intl,DHL,No,Yes,Shipped,MFN,2026-01-24 09:48:35,BL has no package
302-3891682-8088318,JJD000030206530000003120612,AT,No,,2026-01-29 10:29:00,,,,,,EX_DHL_2446860_NET FOX_JJD_01.02.2026 14.02.xlsx,DRPDOR,2026-01-29 10:29:00,Pri Intl,DHL,No,Yes,Shipped,MFN,2026-01-24 08:41:55,BL has no package
305-0378409-9631506,JJD000030206530000003137351,AT,Yes,,2026-02-02 08:25:00,blconnectpackages,JJD000030206530000003137351,JJD000030206530000003137351,blconnectpackages,dhl,EX_DHL_2446860_NET FOX_JJD_01.02.2026 14.02.xlsx,DRPDOR,2026-02-02 08:25:00,Pri Intl,DHL,No,Yes,Shipped,MFN,2026-01-27 20:39:55,
302-3170437-7382727,JJD000030206530000003125224,AT,Yes,2026-01-25 13:36:17,2026-01-29 14:41:00,blconnectpackages,JJD000030206530000003125224,JJD000030206530000003125224,blconnectpackages,dhl,EX_DHL_2446860_NET FOX_JJD_01.02.2026 14.02.xlsx,DRPDOR,2026-01-29 14:41:00,Pri Intl,DHL,No,Yes,Shipped,MFN,2026-01-25 11:52:26,
303-3893839-9148336,JJD000030206530000003143982,AT,No,,2026-02-03 12:57:00,,,,,,EX_DHL_2446860_NET FOX_JJD_01.02.2026 14.02.xlsx,DRPDOR,2026-02-03 12:57:00,Pri Intl,DHL,No,Yes,Shipped,MFN,2026-01-29 15:20:18,BL has no package
302-7329787-6838756,JJD000030206530000003109546,AT,No,,,,,,,,,,,Std DE Intl_1,DHL,No,Yes,Shipped,MFN,2026-01-20 21:18:41,BL has no package
306-7939809-2561121,JJD000030206530000003170465,AT,Yes,,2026-02-09 11:00:00,blconnectpackages,JJD000030206530000003170465,JJD000030206530000003170465,blconnectpackages,dhl,EX_DHL_2446860_NET FOX_JJD_08.02.2026 17.02.xlsx,DRPDOR,2026-02-09 11:00:00,Pri Intl,DHL,No,Yes,Shipped,MFN,2026-02-04 15:04:29,
303-9805655-5885103,JJD000030206530000003162163,AT,Yes,,2026-02-06 12:32:00,blconnectpackages,JJD000030206530000003162163,JJD000030206530000003162163,blconnectpackages,dhl,EX_DHL_2446860_NET FOX_JJD_08.02.2026 17.02.xlsx,DRPDOR,2026-02-06 12:32:00,Pri Intl,DHL,No,Yes,Shipped,MFN,2026-02-02 16:11:27,
304-7725559-1643537,JJD000030206530000003149264,AT,Yes,,2026-02-05 12:44:00,blconnectpackages,JJD000030206530000003149264,JJD000030206530000003149264,blconnectpackages,dhl,EX_DHL_2446860_NET FOX_JJD_08.02.2026 17.02.xlsx,DRPDOR,2026-02-05 12:44:00,Pri Intl,DHL,No,Yes,Shipped,MFN,2026-01-31 07:06:55,
304-4840998-3277920,JJD000030206530000003163068,AT,No,,2026-02-06 13:44:00,,,,,,EX_DHL_2446860_NET FOX_JJD_08.02.2026 17.02.xlsx,DRPDOR,2026-02-06 13:44:00,Pri Intl,DHL,No,Yes,Shipped,MFN,2026-02-02 19:15:10,BL has no package
302-8032660-5024334,JJD000030206530000003187671,DE,Yes,,,blconnectpackages,JJD000030206530000003187671,JJD000030206530000003187671,blconnectpackages,dhl,,,,Pri Dom,DHL,No,Yes,Shipped,MFN,2026-02-08 20:05:16,
028-7415791-3161943,JJD000030206530000003131002,AT,No,,2026-01-30 13:00:00,,,,,,EX_DHL_2446860_NET FOX_JJD_01.02.2026 14.02.xlsx,DRPDOR,2026-01-30 13:00:00,Pri Intl,DHL,No,Yes,Shipped,MFN,2026-01-26 13:48:33,BL has no package
303-3229750-3501920,JJD000030206530000003110318,AT,Yes,,,blconnectpackages,JJD000030206530000003110318,JJD000030206530000003110318,blconnectpackages,dhl,,,,Std DE Intl_1,DHL,No,Yes,Shipped,MFN,2026-01-21 08:02:44,
305-1857698-6425913,JJD000030206530000003181619,DE,Yes,,,blconnectpackages,JJD000030206530000003181619,JJD000030206530000003181619,blconnectpackages,dhl,,,,Std DE Dom_1,DHL,No,Yes,Shipped,MFN,2026-02-07 14:36:35,
303-0162165-3351557,JJD000030206530000003173339,DE,No,,,,,,,,,,,Std DE Dom_7,DHL,No,No,Shipped,MFN,2026-02-05 10:12:50,BL has no package
306-0110991-4156320,JJD000030206530000003151891,AT,Yes,,2026-02-04 13:10:00,blconnectpackages,JJD000030206530000003151891,JJD000030206530000003151891,blconnectpackages,dhl,EX_DHL_2446860_NET FOX_JJD_08.02.2026 17.02.xlsx,DRPDOR,2026-02-04 13:10:00,Pri Intl,DHL,No,Yes,Shipped,MFN,2026-01-31 16:09:08,
306-3630525-5867533,JJD000030206530000003131608,AT,Yes,,2026-01-30 11:50:00,blconnectpackages,JJD000030206530000003131608,JJD000030206530000003131608,blconnectpackages,dhl,EX_DHL_2446860_NET FOX_JJD_01.02.2026 14.02.xlsx,DRPDOR,2026-01-30 11:50:00,Pri Intl,DHL,No,Yes,Shipped,MFN,2026-01-26 15:44:49,
028-3818870-3665903,JJD000030206530000003138043,AT,No,,2026-01-31 08:43:00,,,,,,EX_DHL_2446860_NET FOX_JJD_01.02.2026 14.02.xlsx,DRPDOR,2026-01-31 08:43:00,Pri Intl,DHL,No,Yes,Shipped,MFN,2026-01-28 07:15:25,BL has no package
028-4300012-9848334,JJD000030206530000003157628,AT,Yes,,2026-02-05 15:00:00,blconnectpackages,JJD000030206530000003157628,JJD000030206530000003157628,blconnectpackages,dhl,EX_DHL_2446860_NET FOX_JJD_08.02.2026 17.02.xlsx,DRPDOR,2026-02-05 15:00:00,Std DE Intl_1,DHL,No,Yes,Shipped,MFN,2026-02-01 17:34:37,
028-2687443-3068335,JJD000030206530000003151835,DE,No,,,,,,,,,,,Std DE Dom_7,DHL,No,No,Shipped,MFN,2026-01-31 15:43:56,BL has no package
303-8498531-3276313,JJD000030206530000003157864,AT,No,,2026-02-05 11:18:00,,,,,,EX_DHL_2446860_NET FOX_JJD_08.02.2026 17.02.xlsx,DRPDOR,2026-02-05 11:18:00,Std DE Intl_1,DHL,No,Yes,Shipped,MFN,2026-02-01 18:12:50,BL has no package
028-2866087-4168348,JJD000030206530000003146452,AT,Yes,,2026-02-03 12:42:00,blconnectpackages,JJD000030206530000003146452,JJD000030206530000003146452,blconnectpackages,dhl,EX_DHL_2446860_NET FOX_JJD_01.02.2026 14.02.xlsx,DRPDOR,2026-02-03 12:42:00,Pri Intl,DHL,No,Yes,Shipped,MFN,2026-01-30 10:15:40,
028-8962236-3762726,JJD000030206530000003149179,AT,No,,2026-02-05 11:27:00,,,,,,EX_DHL_2446860_NET FOX_JJD_08.02.2026 17.02.xlsx,DRPDOR,2026-02-05 11:27:00,Pri Intl,DHL,No,Yes,Shipped,MFN,2026-01-31 03:18:04,BL has no package
303-2560001-7891558,JJD000030206530000003127377,AT,Yes,2026-01-25 20:26:08,2026-01-29 10:29:00,blconnectpackages,JJD000030206530000003127377,JJD000030206530000003127377,blconnectpackages,dhl,EX_DHL_2446860_NET FOX_JJD_01.02.2026 14.02.xlsx,DRPDOR,2026-01-29 10:29:00,Pri Intl,DHL,No,Yes,Shipped,MFN,2026-01-25 18:35:02,
302-2912931-3059555,JJD000030206530000003154732,AT,Yes,,2026-02-04 12:31:00,blconnectpackages,JJD000030206530000003154732,JJD000030206530000003154732,blconnectpackages,dhl,EX_DHL_2446860_NET FOX_JJD_08.02.2026 17.02.xlsx,DRPDOR,2026-02-04 12:31:00,Pri Intl,DHL,No,Yes,Shipped,MFN,2026-02-01 10:37:49,
303-4330171-0923554,JJD000030206530000003160127,AT,No,,2026-02-06 13:18:00,,,,,,EX_DHL_2446860_NET FOX_JJD_08.02.2026 17.02.xlsx,DRPDOR,2026-02-06 13:18:00,Std DE Intl_1,DHL,No,Yes,Shipped,MFN,2026-02-02 08:40:31,BL has no package
302-5648721-4480348,JJD000030206530000003221287,DE,No,,,,,,,,,,,Std DE Dom_1,DHL,No,Yes,Shipped,MFN,2026-02-17 11:32:09,BL has no package
306-2453896-0717124,JJD000030206530000003154990,AT,No,,2026-02-04 13:01:00,,,,,,EX_DHL_2446860_NET FOX_JJD_08.02.2026 17.02.xlsx,DRPDOR,2026-02-04 13:01:00,Std DE Intl_1,DHL,No,Yes,Shipped,MFN,2026-02-01 11:18:56,BL has no package
302-3081776-5641131,JJD000030214472000000218824,AT,Yes,,2026-02-09 08:57:00,blconnectpackages,JJD000030206530000003168838,JJD000030206530000003168838,blconnectpackages,dhl,EX_DHL_2446860_NET FOX_JJD_08.02.2026 17.02.xlsx,DRPDOR,2026-02-09 08:57:00,Pri Intl,DHL,No,Yes,Shipped,MFN,2026-02-04 07:38:52,BL tracking differs from Amazon
303-0159186-0958754,JJD000030206530000003149382,AT,No,,2026-02-06 11:59:00,,,,,,EX_DHL_2446860_NET FOX_JJD_08.02.2026 17.02.xlsx,DRPDOR,2026-02-06 11:59:00,Pri Intl,DHL,No,Yes,Shipped,MFN,2026-01-31 07:53:42,BL has no package
028-2528285-3773925,JJD000030206530000003124098,AT,Yes,2026-01-25 08:10:50,2026-01-29 07:55:00,blconnectpackages,JJD000030206530000003124098,JJD000030206530000003124098,blconnectpackages,dhl,EX_DHL_2446860_NET FOX_JJD_01.02.2026 14.02.xlsx,DRPDOR,2026-01-29 07:55:00,Pri Intl,DHL,No,Yes,Shipped,MFN,2026-01-25 06:23:28,
306-3019906-8453146,JJD000030206530000003269598,AT,Yes,,,blconnectpackages,30646842068,30646842068,blconnectpackages,gls,,,,Pri Intl,DHL,No,No,Shipped,MFN,2026-02-15 14:11:29,BL tracking differs from Amazon
306-7189138-0245966,JJD000030206530000003171382,AT,No,,2026-02-07 11:54:00,,,,,,EX_DHL_2446860_NET FOX_JJD_08.02.2026 17.02.xlsx,DRPDOR,2026-02-07 11:54:00,Std DE Intl_1,DHL,No,Yes,Shipped,MFN,2026-02-04 17:54:48,BL has no package
302-3234234-6562767,JJD000030206530000003121275,AT,No,,2026-01-29 13:06:00,,,,,,EX_DHL_2446860_NET FOX_JJD_01.02.2026 14.02.xlsx,DRPDOR,2026-01-29 13:06:00,Pri Intl,DHL,No,Yes,Shipped,MFN,2026-01-24 11:31:31,BL has no package
304-6807331-8611514,JJD000030206530000003120156,AT,Yes,,2026-01-29 10:32:00,blconnectpackages,JJD000030206530000003120156,JJD000030206530000003120156,blconnectpackages,dhl,EX_DHL_2446860_NET FOX_JJD_01.02.2026 14.02.xlsx,DRPDOR,2026-01-29 10:32:00,Pri Intl,DHL,No,Yes,Shipped,MFN,2026-01-23 23:36:27,
306-2265293-4276327,JJD000030206530000003152410,AT,Yes,,2026-02-05 14:51:00,blconnectpackages,JJD000030206530000003152410,JJD000030206530000003152410,blconnectpackages,dhl,EX_DHL_2446860_NET FOX_JJD_08.02.2026 17.02.xlsx,DRPDOR,2026-02-05 14:51:00,Pri Intl,DHL,No,Yes,Shipped,MFN,2026-01-31 17:41:07,
303-9970804-8697136,JJD000030206530000003158630,AT,No,,2026-02-05 12:40:00,,,,,,EX_DHL_2446860_NET FOX_JJD_08.02.2026 17.02.xlsx,DRPDOR,2026-02-05 12:40:00,Std DE Intl_1,DHL,No,Yes,Shipped,MFN,2026-02-01 20:28:12,BL has no package
306-0911182-1047505,JJD000030206530000003134314,AT,Yes,,2026-01-30 10:48:00,blconnectpackages,JJD000030206530000003134314,JJD000030206530000003134314,blconnectpackages,dhl,EX_DHL_2446860_NET FOX_JJD_01.02.2026 14.02.xlsx,DRPDOR,2026-01-30 10:48:00,Pri Intl,DHL,No,Yes,Shipped,MFN,2026-01-27 09:02:20,
304-0907511-9809154,JJD000030206530000003166296,AT,No,,2026-02-06 15:13:00,,,,,,EX_DHL_2446860_NET FOX_JJD_08.02.2026 17.02.xlsx,DRPDOR,2026-02-06 15:13:00,Pri Intl,DHL,No,Yes,Shipped,MFN,2026-02-03 15:31:06,BL has no package
028-0077211-3015514,JJD000030206530000003146496,AT,No,,2026-02-04 12:22:00,,,,,,EX_DHL_2446860_NET FOX_JJD_08.02.2026 17.02.xlsx,DRPDOR,2026-02-04 12:22:00,Pri Intl,DHL,No,Yes,Shipped,MFN,2026-01-30 10:30:57,BL has no package
306-7056741-3257104,JJD000030206530000003106661,AT,Yes,,,blconnectpackages,JJD000030206530000003106661,JJD000030206530000003106661,blconnectpackages,dhl,,,,Std DE Intl_1,DHL,No,Yes,Shipped,MFN,2026-01-20 07:32:32,
028-4968781-9884307,JJD000030206530000003130714,AT,Yes,,2026-01-29 12:02:00,blconnectpackages,JJD000030206530000003130714,JJD000030206530000003130714,blconnectpackages,dhl,EX_DHL_2446860_NET FOX_JJD_01.02.2026 14.02.xlsx,DRPDOR,2026-01-29 12:02:00,Pri Intl,DHL,No,Yes,Shipped,MFN,2026-01-26 12:51:57,
302-8245723-0129114,JJD000030206530000003131940,AT,No,,2026-02-02 09:42:00,,,,,,EX_DHL_2446860_NET FOX_JJD_01.02.2026 14.02.xlsx,DRPDOR,2026-02-02 09:42:00,Pri Intl,DHL,No,Yes,Shipped,MFN,2026-01-26 16:43:08,BL has no package
305-5924887-0337901,JJD000030206530000003151582,AT,No,,2026-02-05 11:34:00,,,,,,EX_DHL_2446860_NET FOX_JJD_08.02.2026 17.02.xlsx,DRPDOR,2026-02-05 11:34:00,Pri Intl,DHL,No,Yes,Shipped,MFN,2026-01-31 14:58:31,BL has no package
304-8298395-7421167,JJD000030206530000003130141,AT,Yes,2026-01-26 13:31:37,2026-01-29 09:35:00,blconnectpackages,JJD000030206530000003130141,JJD000030206530000003130141,blconnectpackages,dhl,EX_DHL_2446860_NET FOX_JJD_01.02.2026 14.02.xlsx,DRPDOR,2026-01-29 09:35:00,Pri Intl,DHL,No,Yes,Shipped,MFN,2026-01-26 11:18:44,
306-7681811-0254733,JJD000030206530000003125151,AT,Yes,2026-01-25 13:26:25,2026-01-29 09:14:00,blconnectpackages,JJD000030206530000003125151,JJD000030206530000003125151,blconnectpackages,dhl,EX_DHL_2446860_NET FOX_JJD_01.02.2026 14.02.xlsx,DRPDOR,2026-01-29 09:14:00,Std DE Intl_1,DHL,No,Yes,Shipped,MFN,2026-01-25 11:41:19,
028-5018899-6149108,JJD000030206530000003137957,AT,Yes,,2026-02-02 11:09:00,blconnectpackages,JJD000030206530000003137957,JJD000030206530000003137957,blconnectpackages,dhl,EX_DHL_2446860_NET FOX_JJD_01.02.2026 14.02.xlsx,DRPDOR,2026-02-02 11:09:00,Pri Intl,DHL,No,Yes,Shipped,MFN,2026-01-28 06:34:22,
304-7210712-1730758,JJD000030206530000003117613,AT,Yes,2026-01-23 11:21:06,,blconnectpackages,JJD000030206530000003117613,JJD000030206530000003117613,blconnectpackages,dhl,,,,Std DE Intl_1,DHL,No,Yes,Shipped,MFN,2026-01-23 09:35:27,
302-3414667-7718716,JJD000030206530000003123991,AT,Yes,2026-01-25 02:35:58,2026-01-30 11:57:00,blconnectpackages,JJD000030206530000003123991,JJD000030206530000003123991,blconnectpackages,dhl,EX_DHL_2446860_NET FOX_JJD_01.02.2026 14.02.xlsx,DRPDOR,2026-01-30 11:57:00,Pri Intl,DHL,No,Yes,Shipped,MFN,2026-01-25 00:43:37,
302-8759301-3357931,JJD000030206530000003124830,AT,Yes,2026-01-25 12:31:09,2026-01-29 10:04:00,blconnectpackages,JJD000030206530000003124830,JJD000030206530000003124830,blconnectpackages,dhl,EX_DHL_2446860_NET FOX_JJD_01.02.2026 14.02.xlsx,DRPDOR,2026-01-29 10:04:00,Pri Intl,DHL,No,Yes,Shipped,MFN,2026-01-25 10:42:43,
306-8735026-9218758,JJD000030206530000003170392,AT,No,,2026-02-07 14:22:00,,,,,,EX_DHL_2446860_NET FOX_JJD_08.02.2026 17.02.xlsx,DRPDOR,2026-02-07 14:22:00,Pri Intl,DHL,No,Yes,Shipped,MFN,2026-02-04 14:30:30,BL has no package
305-5918565-2104332,JJD000030206530000003121540,AT,No,,2026-01-29 13:29:00,,,,,,EX_DHL_2446860_NET FOX_JJD_01.02.2026 14.02.xlsx,DRPDOR,2026-01-29 13:29:00,Pri Intl,DHL,No,Yes,Shipped,MFN,2026-01-24 12:27:35,BL has no package
302-8829139-6125920,JJD000030206530000003170410,AT,Yes,,2026-02-07 14:48:00,blconnectpackages,JJD000030206530000003170410,JJD000030206530000003170410,blconnectpackages,dhl,EX_DHL_2446860_NET FOX_JJD_08.02.2026 17.02.xlsx,DRPDOR,2026-02-07 14:48:00,Pri Intl,DHL,No,Yes,Shipped,MFN,2026-02-04 14:26:07,
028-2086435-7841925,JJD000030206530000003154063,AT,Yes,,2026-02-05 08:51:00,blconnectpackages,JJD000030206530000003154063,JJD000030206530000003154063,blconnectpackages,dhl,EX_DHL_2446860_NET FOX_JJD_08.02.2026 17.02.xlsx,DRPDOR,2026-02-05 08:51:00,Std DE Intl_1,DHL,No,Yes,Shipped,MFN,2026-02-01 09:05:15,
306-4071295-2141149,JJD000030206530000003138065,AT,No,,2026-02-02 10:06:00,,,,,,EX_DHL_2446860_NET FOX_JJD_01.02.2026 14.02.xlsx,DRPDOR,2026-02-02 10:06:00,Pri Intl,DHL,No,Yes,Shipped,MFN,2026-01-28 07:23:18,BL has no package
304-4673689-4332339,JJD000030206530000003142329,AT,No,,2026-02-03 13:23:00,,,,,,EX_DHL_2446860_NET FOX_JJD_01.02.2026 14.02.xlsx,DRPDOR,2026-02-03 13:23:00,Pri Intl,DHL,No,Yes,Shipped,MFN,2026-01-29 08:43:08,BL has no package
302-3860370-6005134,JJD000030206530000003126438,AT,Yes,2026-01-25 16:56:14,2026-01-29 10:37:00,blconnectpackages,JJD000030206530000003126438,JJD000030206530000003126438,blconnectpackages,dhl,EX_DHL_2446860_NET FOX_JJD_01.02.2026 14.02.xlsx,DRPDOR,2026-01-29 10:37:00,Pri Intl,DHL,No,Yes,Shipped,MFN,2026-01-25 15:04:10,
303-4894305-4742710,JJD000030206530000003128867,AT,Yes,2026-01-26 09:06:13,2026-01-29 14:44:00,blconnectpackages,JJD000030206530000003128867,JJD000030206530000003128867,blconnectpackages,dhl,EX_DHL_2446860_NET FOX_JJD_01.02.2026 14.02.xlsx,DRPDOR,2026-01-29 14:44:00,Pri Intl,DHL,No,Yes,Shipped,MFN,2026-01-26 07:17:47,
303-5885827-0053943,JJD000030206530000003113259,AT,Yes,,,blconnectpackages,JJD000030206530000003113259,JJD000030206530000003113259,blconnectpackages,dhl,,,,Std DE Intl_1,DHL,No,Yes,Shipped,MFN,2026-01-21 22:10:18,
028-2526187-5807562,JJD000030206530000003133357,AT,No,,2026-01-30 09:40:00,,,,,,EX_DHL_2446860_NET FOX_JJD_01.02.2026 14.02.xlsx,DRPDOR,2026-01-30 09:40:00,Pri Intl,DHL,No,Yes,Shipped,MFN,2026-01-26 22:16:32,BL has no package
303-2637292-2425141,JJD000030206530000003167837,AT,No,,2026-02-07 12:42:00,,,,,,EX_DHL_2446860_NET FOX_JJD_08.02.2026 17.02.xlsx,DRPDOR,2026-02-07 12:42:00,Pri Intl,DHL,No,Yes,Shipped,MFN,2026-02-03 20:43:59,BL has no package
305-1274940-8725943,JJD000030206530000003090157,AT,No,,2026-01-20 11:36:00,,,,,,EX_DHL_2446860_NET FOX_JJD_18.01.2026 31.01.xlsx,DRPDOR,2026-01-20 11:36:00,Std DE Intl_1,DHL eCommerce,No,Yes,Shipped,MFN,2026-01-15 19:26:58,BL has no package
305-2763205-5021958,JJD000030206530000003122181,AT,Yes,2026-01-24 20:51:53,2026-01-29 15:41:00,blconnectpackages,JJD000030206530000003122181,JJD000030206530000003122181,blconnectpackages,dhl,EX_DHL_2446860_NET FOX_JJD_01.02.2026 14.02.xlsx,DRPDOR,2026-01-29 15:41:00,Pri Intl,DHL,No,Yes,Shipped,MFN,2026-01-24 15:20:15,
304-1024392-0637125,JJD000030206530000003157960,AT,Yes,,2026-02-05 12:23:00,blconnectpackages,JJD000030206530000003157960,JJD000030206530000003157960,blconnectpackages,dhl,EX_DHL_2446860_NET FOX_JJD_08.02.2026 17.02.xlsx,DRPDOR,2026-02-05 12:23:00,Pri Intl,DHL,No,Yes,Shipped,MFN,2026-02-01 18:34:18,
302-1965711-3915549,JJD000030206530000003152601,AT,Yes,,2026-02-05 09:57:00,blconnectpackages,JJD000030206530000003152601,JJD000030206530000003152601,blconnectpackages,dhl,EX_DHL_2446860_NET FOX_JJD_08.02.2026 17.02.xlsx,DRPDOR,2026-02-05 09:57:00,Std DE Intl_1,DHL,No,Yes,Shipped,MFN,2026-01-31 18:06:29,
302-8427977-1369141,JJD000030206530000003163686,AT,Yes,,2026-02-06 08:24:00,blconnectpackages,JJD000030206530000003163686,JJD000030206530000003163686,blconnectpackages,dhl,EX_DHL_2446860_NET FOX_JJD_08.02.2026 17.02.xlsx,DRPDOR,2026-02-06 08:24:00,Pri Intl,DHL,No,Yes,Shipped,MFN,2026-02-02 21:39:29,
028-0591458-0929126,JJD000030206530000003171371,AT,No,,2026-02-09 09:38:00,,,,,,EX_DHL_2446860_NET FOX_JJD_08.02.2026 17.02.xlsx,DRPDOR,2026-02-09 09:38:00,Pri Intl,DHL,No,Yes,Shipped,MFN,2026-02-04 17:56:25,BL has no package
306-4935506-5785901,JJD000030206530000003163877,AT,No,,2026-02-06 15:09:00,,,,,,EX_DHL_2446860_NET FOX_JJD_08.02.2026 17.02.xlsx,DRPDOR,2026-02-06 15:09:00,Pri Intl,DHL,No,Yes,Shipped,MFN,2026-02-03 01:55:11,BL has no package
305-9842842-2767542,JJD000030206530000003158523,AT,Yes,,2026-02-05 08:40:00,blconnectpackages,JJD000030206530000003158523,JJD000030206530000003158523,blconnectpackages,dhl,EX_DHL_2446860_NET FOX_JJD_08.02.2026 17.02.xlsx,DRPDOR,2026-02-05 08:40:00,Pri Intl,DHL,No,Yes,Shipped,MFN,2026-02-01 20:00:10,
028-0794932-7206719,JJD000030206530000003151868,AT,No,,2026-02-04 10:38:00,,,,,,EX_DHL_2446860_NET FOX_JJD_08.02.2026 17.02.xlsx,DRPDOR,2026-02-04 10:38:00,Pri Intl,DHL,No,Yes,Shipped,MFN,2026-01-31 15:58:27,BL has no package
306-2087800-0226747,JJD000030206530000003126512,AT,Yes,2026-01-25 17:16:26,2026-01-30 09:47:00,blconnectpackages,JJD000030206530000003126512,JJD000030206530000003126512,blconnectpackages,dhl,EX_DHL_2446860_NET FOX_JJD_01.02.2026 14.02.xlsx,DRPDOR,2026-01-30 09:47:00,Pri Intl,DHL,No,Yes,Shipped,MFN,2026-01-25 15:27:00,
304-7171132-2893162,JJD000030206530000003164058,AT,Yes,,2026-02-06 08:50:00,blconnectpackages,JJD000030206530000003164058,JJD000030206530000003164058,blconnectpackages,dhl,EX_DHL_2446860_NET FOX_JJD_08.02.2026 17.02.xlsx,DRPDOR,2026-02-06 08:50:00,Pri Intl,DHL,No,Yes,Shipped,MFN,2026-02-03 06:39:02,
303-5082779-3422715,JJD000030206530000003163995,AT,Yes,,2026-02-06 14:03:00,blconnectpackages,JJD000030206530000003163995,JJD000030206530000003163995,blconnectpackages,dhl,EX_DHL_2446860_NET FOX_JJD_08.02.2026 17.02.xlsx,DRPDOR,2026-02-06 14:03:00,Pri Intl,DHL,No,Yes,Shipped,MFN,2026-02-03 05:32:51,
303-7174550-7327560,JJD000030206530000003135742,AT,No,,2026-01-30 11:01:00,,,,,,EX_DHL_2446860_NET FOX_JJD_01.02.2026 14.02.xlsx,DRPDOR,2026-01-30 11:01:00,Pri Intl,DHL,No,Yes,Shipped,MFN,2026-01-27 09:59:33,BL has no package
306-9407904-1345946,JJD000030206530000003108416,AT,No,,,,,,,,,,,Std DE Intl_1,DHL,No,Yes,Shipped,MFN,2026-01-20 15:12:11,BL has no package
303-2527507-1010750,JJD000030206530000003167900,AT,No,,2026-02-07 09:30:00,,,,,,EX_DHL_2446860_NET FOX_JJD_08.02.2026 17.02.xlsx,DRPDOR,2026-02-07 09:30:00,Pri Intl,DHL,No,Yes,Shipped,MFN,2026-02-03 20:54:01,BL has no package
305-8670548-6174708,JJD000030206530000003130545,AT,Yes,2026-01-26 14:26:28,2026-01-30 10:56:00,blconnectpackages,JJD000030206530000003130545,JJD000030206530000003130545,blconnectpackages,dhl,EX_DHL_2446860_NET FOX_JJD_01.02.2026 14.02.xlsx,DRPDOR,2026-01-30 10:56:00,Pri Intl,DHL,No,Yes,Shipped,MFN,2026-01-26 12:39:00,
305-8055307-2853943,JJD000030206530000003169828,AT,No,,2026-02-09 14:18:00,,,,,,EX_DHL_2446860_NET FOX_JJD_08.02.2026 17.02.xlsx,DRPDOR,2026-02-09 14:18:00,Pri Intl,DHL,No,Yes,Shipped,MFN,2026-02-04 11:52:35,BL has no package
302-0945628-3538751,JJD000030206530000003122912,AT,Yes,2026-01-24 21:16:37,2026-01-29 11:51:00,blconnectpackages,JJD000030206530000003122912,JJD000030206530000003122912,blconnectpackages,dhl,EX_DHL_2446860_NET FOX_JJD_01.02.2026 14.02.xlsx,DRPDOR,2026-01-29 11:51:00,Pri Intl,DHL,No,Yes,Shipped,MFN,2026-01-24 18:28:15,
305-7842850-5470753,JJD000030206530000003144472,AT,No,,2026-02-03 10:32:00,,,,,,EX_DHL_2446860_NET FOX_JJD_01.02.2026 14.02.xlsx,DRPDOR,2026-02-03 10:32:00,Pri Intl,DHL,No,Yes,Shipped,MFN,2026-01-29 17:16:24,BL has no package
303-5271686-4896316,JJD000030206530000003108630,AT,No,,,,,,,,,,,Std DE Intl_1,DHL,No,Yes,Shipped,MFN,2026-01-20 16:31:35,BL has no package
306-5030487-0609943,JJD000030206530000003127557,AT,Yes,2026-01-25 20:55:55,2026-01-29 12:17:00,blconnectpackages,JJD000030206530000003127557,JJD000030206530000003127557,blconnectpackages,dhl,EX_DHL_2446860_NET FOX_JJD_01.02.2026 14.02.xlsx,DRPDOR,2026-01-29 12:17:00,Pri Intl,DHL,No,Yes,Shipped,MFN,2026-01-25 19:05:54,
306-0533701-7857142,JJD000030206530000003166049,AT,No,,2026-02-09 11:01:00,,,,,,EX_DHL_2446860_NET FOX_JJD_08.02.2026 17.02.xlsx,DRPDOR,2026-02-09 11:01:00,Pri Intl,DHL,No,Yes,Shipped,MFN,2026-02-03 14:33:06,BL has no package
302-7404594-6862749,JJD000030206530000003166230,AT,No,,2026-02-07 14:48:00,,,,,,EX_DHL_2446860_NET FOX_JJD_08.02.2026 17.02.xlsx,DRPDOR,2026-02-07 14:48:00,Pri Intl,DHL,No,Yes,Shipped,MFN,2026-02-03 15:18:56,BL has no package
303-6991392-3704335,JJD000030206530000003158292,AT,No,,2026-02-05 10:25:00,,,,,,EX_DHL_2446860_NET FOX_JJD_08.02.2026 17.02.xlsx,DRPDOR,2026-02-05 10:25:00,Std DE Intl_1,DHL,No,Yes,Shipped,MFN,2026-02-01 19:26:19,BL has no package
028-3479282-7326768,JJD000030206530000003220966,DE,No,,,,,,,,,,,Std DE Dom_1,DHL,No,Yes,Shipped,MFN,2026-02-17 10:21:40,BL has no package
306-2559684-6610740,JJD000030206530000003122361,AT,Yes,2026-01-24 20:56:29,2026-01-29 13:07:00,blconnectpackages,JJD000030206530000003122361,JJD000030206530000003122361,blconnectpackages,dhl,EX_DHL_2446860_NET FOX_JJD_01.02.2026 14.02.xlsx,DRPDOR,2026-01-29 13:07:00,Std DE Intl_1,DHL,No,Yes,Shipped,MFN,2026-01-24 16:19:01,
302-1188967-1703519,JJD000030214472000000225316,AT,Yes,,,blconnectpackages,30646838376,30646838376,blconnectpackages,gls,,,,Std DE Intl_1,DHL,No,Yes,Shipped,MFN,2026-02-14 10:04:55,BL tracking differs from Amazon
304-9056379-0489143,JJD000030206530000003131951,AT,No,,2026-01-30 11:39:00,,,,,,EX_DHL_2446860_NET FOX_JJD_01.02.2026 14.02.xlsx,DRPDOR,2026-01-30 11:39:00,Pri Intl,DHL,No,Yes,Shipped,MFN,2026-01-26 16:51:07,BL has no package
028-1036302-2628317,JJD000030206530000003119924,AT,No,,2026-01-29 14:24:00,,,,,,EX_DHL_2446860_NET FOX_JJD_01.02.2026 14.02.xlsx,DRPDOR,2026-01-29 14:24:00,Std DE Intl_1,DHL,No,Yes,Shipped,MFN,2026-01-23 20:45:22,BL has no package
028-3933899-3342762,JJD000030206530000003133784,AT,No,,2026-01-30 16:00:00,,,,,,EX_DHL_2446860_NET FOX_JJD_01.02.2026 14.02.xlsx,DRPDOR,2026-01-30 16:00:00,Pri Intl,DHL,No,Yes,Shipped,MFN,2026-01-27 06:54:46,BL has no package
305-1860997-8524357,JJD000030206530000003168872,AT,No,,2026-02-10 12:53:00,,,,,,EX_DHL_2446860_NET FOX_JJD_08.02.2026 17.02.xlsx,DRPDOR,2026-02-10 12:53:00,Pri Intl,DHL,No,Yes,Shipped,MFN,2026-02-04 07:44:07,BL has no package
305-5013833-7424338,JJD000030206530000003205790,DE,Yes,,,blconnectpackages,JJD000030206530000003205790,JJD000030206530000003205790,blconnectpackages,dhl,,,,Std DE Dom_1,DHL,No,No,Shipped,MFN,2026-02-13 16:11:05,
305-1390925-4369951,JJD000030206530000003140170,AT,No,,2026-02-04 11:16:00,,,,,,EX_DHL_2446860_NET FOX_JJD_01.02.2026 14.02.xlsx,DRPDOR,2026-02-04 11:16:00,Pri Intl,DHL eCommerce,No,Yes,Shipped,MFN,2026-01-28 15:15:55,BL has no package
303-3917036-4202751,JJD000030206530000003158118,AT,No,,2026-02-05 13:23:00,,,,,,EX_DHL_2446860_NET FOX_JJD_08.02.2026 17.02.xlsx,DRPDOR,2026-02-05 13:23:00,Std DE Intl_1,DHL,No,Yes,Shipped,MFN,2026-02-01 18:53:10,BL has no package
305-6213562-5146721,JJD000030206530000003127580,AT,Yes,2026-01-25 21:01:06,2026-01-29 12:32:00,blconnectpackages,JJD000030206530000003127580,JJD000030206530000003127580,blconnectpackages,dhl,EX_DHL_2446860_NET FOX_JJD_01.02.2026 14.02.xlsx,DRPDOR,2026-01-29 12:32:00,Pri Intl,DHL,No,Yes,Shipped,MFN,2026-01-25 19:20:00,
303-6275043-3029958,JJD000030206530000003156492,AT,No,,2026-02-05 16:05:00,,,,,,EX_DHL_2446860_NET FOX_JJD_08.02.2026 17.02.xlsx,DRPDOR,2026-02-05 16:05:00,Std DE Intl_1,DHL,No,Yes,Shipped,MFN,2026-02-01 15:01:58,BL has no package
302-3300108-2341107,JJD000030206530000003137200,AT,No,,2026-02-02 09:45:00,,,,,,EX_DHL_2446860_NET FOX_JJD_01.02.2026 14.02.xlsx,DRPDOR,2026-02-02 09:45:00,Pri Intl,DHL,No,Yes,Shipped,MFN,2026-01-27 20:17:19,BL has no package
305-0671473-5931560,JJD000030206530000003161779,AT,No,,2026-02-06 12:37:00,,,,,,EX_DHL_2446860_NET FOX_JJD_08.02.2026 17.02.xlsx,DRPDOR,2026-02-06 12:37:00,Pri Intl,DHL,No,Yes,Shipped,MFN,2026-02-02 14:24:00,BL has no package
028-5022532-9913939,JJD000030206530000003159035,AT,No,,2026-02-05 12:24:00,,,,,,EX_DHL_2446860_NET FOX_JJD_08.02.2026 17.02.xlsx,DRPDOR,2026-02-05 12:24:00,Std DE Intl_1,DHL,No,Yes,Shipped,MFN,2026-02-01 21:43:53,BL has no package
302-9713474-6460339,JJD000030206530000003185517,DE,No,,,,,,,,,,,Pri Dom,DHL,No,No,Shipped,MFN,2026-02-08 13:20:03,BL has no package
305-8586333-2613149,JJD000030206530000003176898,DE,Yes,,,blconnectpackages,JJD000030206530000003176898,JJD000030206530000003176898,blconnectpackages,dhl,EX_DHL_2446860_NET FOX_JJD_08.02.2026 17.02.xlsx,MAGLW,2026-02-08 15:28:49,Std DE Dom_7,DHL,No,Yes,Shipped,MFN,2026-02-06 09:36:21,
304-4744937-0337958,JJD000030206530000003148549,AT,No,,2026-02-05 18:26:00,,,,,,EX_DHL_2446860_NET FOX_JJD_08.02.2026 17.02.xlsx,DRPDOR,2026-02-05 18:26:00,Std DE Intl_1,DHL,No,Yes,Shipped,MFN,2026-01-30 19:01:24,BL has no package
302-7590973-1835560,JJD000030206530000003090764,AT,Yes,,2026-01-20 07:51:00,blconnectpackages,JJD000030206530000003090764,JJD000030206530000003090764,blconnectpackages,dhl,EX_DHL_2446860_NET FOX_JJD_18.01.2026 31.01.xlsx,DRPDOR,2026-01-20 07:51:00,Std DE Intl_1,DHL,No,Yes,Shipped,MFN,2026-01-16 06:52:02,
028-6291012-0502749,JJD000030206530000003149180,AT,No,,2026-02-05 13:40:00,,,,,,EX_DHL_2446860_NET FOX_JJD_08.02.2026 17.02.xlsx,DRPDOR,2026-02-05 13:40:00,Pri Intl,DHL,No,Yes,Shipped,MFN,2026-01-31 05:11:58,BL has no package
302-3027551-7174737,JJD000030206530000003109068,AT,Yes,,,blconnectpackages,JJD000030206530000003109068,JJD000030206530000003109068,blconnectpackages,dhl,,,,Std DE Intl_1,DHL,No,Yes,Shipped,MFN,2026-01-20 18:37:27,
305-4803357-2910760,JJD000030206530000003148594,AT,Yes,,2026-02-04 09:16:00,blconnectpackages,JJD000030206530000003148594,JJD000030206530000003148594,blconnectpackages,dhl,EX_DHL_2446860_NET FOX_JJD_08.02.2026 17.02.xlsx,DRPDOR,2026-02-04 09:16:00,Pri Intl,DHL,No,Yes,Shipped,MFN,2026-01-30 19:03:17,
305-7260527-1690764,JJD000030206530000003120785,AT,No,,2026-01-29 10:13:00,,,,,,EX_DHL_2446860_NET FOX_JJD_01.02.2026 14.02.xlsx,DRPDOR,2026-01-29 10:13:00,Pri Intl,DHL,No,Yes,Shipped,MFN,2026-01-24 09:48:07,BL has no package
305-1921090-6739532,JJD000030206530000003128750,AT,Yes,2026-01-26 08:36:13,2026-01-29 09:28:00,blconnectpackages,JJD000030206530000003128750,JJD000030206530000003128750,blconnectpackages,dhl,EX_DHL_2446860_NET FOX_JJD_01.02.2026 14.02.xlsx,DRPDOR,2026-01-29 09:28:00,Pri Intl,DHL,No,Yes,Shipped,MFN,2026-01-26 06:47:32,
303-5312365-9451506,JJD000030206530000003160649,AT,No,,2026-02-06 09:19:00,,,,,,EX_DHL_2446860_NET FOX_JJD_08.02.2026 17.02.xlsx,DRPDOR,2026-02-06 09:19:00,Std DE Intl_1,DHL,No,Yes,Shipped,MFN,2026-02-02 10:24:17,BL has no package
306-4473966-3958725,JJD000030206530000003161195,AT,No,,2026-02-05 11:16:00,,,,,,EX_DHL_2446860_NET FOX_JJD_08.02.2026 17.02.xlsx,DRPDOR,2026-02-05 11:16:00,Std DE Intl_1,DHL,No,Yes,Shipped,MFN,2026-02-02 12:27:19,BL has no package
305-5878417-4098768,JJD000030206530000003118709,AT,Yes,,,blconnectpackages,JJD000030206530000003118709,JJD000030206530000003118709,blconnectpackages,dhl,,,,Pri Intl,DHL,No,Yes,Shipped,MFN,2026-01-23 14:36:06,
305-1269852-3082726,JJD000030206530000003155126,AT,Yes,,2026-02-05 09:11:00,blconnectpackages,JJD000030206530000003155126,JJD000030206530000003155126,blconnectpackages,dhl,EX_DHL_2446860_NET FOX_JJD_08.02.2026 17.02.xlsx,DRPDOR,2026-02-05 09:11:00,Std DE Intl_1,DHL,No,Yes,Shipped,MFN,2026-02-01 11:35:46,
028-2238367-2392330,JJD000030206530000003168030,AT,No,,2026-02-07 09:54:00,,,,,,EX_DHL_2446860_NET FOX_JJD_08.02.2026 17.02.xlsx,DRPDOR,2026-02-07 09:54:00,Pri Intl,DHL,No,Yes,Shipped,MFN,2026-02-03 21:21:47,BL has no package
303-5495444-2331500,JJD000030206530000003151920,AT,No,,2026-02-04 13:49:00,,,,,,EX_DHL_2446860_NET FOX_JJD_08.02.2026 17.02.xlsx,DRPDOR,2026-02-04 13:49:00,Pri Intl,DHL,No,Yes,Shipped,MFN,2026-01-31 16:21:30,BL has no package
306-3851084-2979549,JJD000030206530000003154456,AT,No,,2026-02-05 09:06:00,,,,,,EX_DHL_2446860_NET FOX_JJD_08.02.2026 17.02.xlsx,DRPDOR,2026-02-05 09:06:00,Std DE Intl_1,DHL,No,Yes,Shipped,MFN,2026-02-01 09:58:44,BL has no package
302-0355822-9548312,JJD000030206530000003127822,AT,Yes,2026-01-25 21:56:00,2026-01-29 15:03:00,blconnectpackages,JJD000030206530000003127822,JJD000030206530000003127822,blconnectpackages,dhl,EX_DHL_2446860_NET FOX_JJD_01.02.2026 14.02.xlsx,DRPDOR,2026-01-29 15:03:00,Pri Intl,DHL,No,Yes,Shipped,MFN,2026-01-25 20:03:05,
303-1501739-8101932,JJD000030206530000003122209,AT,Yes,2026-01-24 20:51:53,2026-01-29 10:40:00,blconnectpackages,JJD000030206530000003122209,JJD000030206530000003122209,blconnectpackages,dhl,EX_DHL_2446860_NET FOX_JJD_01.02.2026 14.02.xlsx,DRPDOR,2026-01-29 10:40:00,Pri Intl,DHL,No,Yes,Shipped,MFN,2026-01-24 14:27:55,
302-8410324-9825922,JJD000030206530000003105615,AT,Yes,,,blconnectpackages,JJD000030206530000003105615,JJD000030206530000003105615,blconnectpackages,dhl,,,,Std DE Intl_1,DHL,No,Yes,Shipped,MFN,2026-01-19 17:55:58,
304-2796555-1495568,JJD000030206530000003137384,AT,No,,2026-02-02 10:27:00,,,,,,EX_DHL_2446860_NET FOX_JJD_01.02.2026 14.02.xlsx,DRPDOR,2026-02-02 10:27:00,Pri Intl,DHL,No,Yes,Shipped,MFN,2026-01-27 20:46:33,BL has no package
305-6631195-5956361,JJD000030206530000003103988,AT,No,,,,,,,,,,,Std DE Intl_1,DHL,No,Yes,Shipped,MFN,2026-01-19 12:21:01,BL has no package
306-5597359-5701139,JJD000030206530000003163388,AT,No,,2026-02-06 12:27:00,,,,,,EX_DHL_2446860_NET FOX_JJD_08.02.2026 17.02.xlsx,DRPDOR,2026-02-06 12:27:00,Pri Intl,DHL,No,Yes,Shipped,MFN,2026-02-02 20:20:01,BL has no package
303-1795910-2046751,JJD000030206530000003090242,AT,Yes,,2026-01-20 10:39:00,blconnectpackages,JJD000030206530000003090242,JJD000030206530000003090242,blconnectpackages,dhl,EX_DHL_2446860_NET FOX_JJD_18.01.2026 31.01.xlsx,DRPDOR,2026-01-20 10:39:00,Std DE Intl_1,DHL,No,Yes,Shipped,MFN,2026-01-15 19:52:19,
303-3882478-5404309,JJD000030206530000003150801,AT,No,,2026-02-05 13:35:00,,,,,,EX_DHL_2446860_NET FOX_JJD_08.02.2026 17.02.xlsx,DRPDOR,2026-02-05 13:35:00,Pri Intl,DHL,No,Yes,Shipped,MFN,2026-01-31 12:23:07,BL has no package
304-9683383-9545125,JJD000030206530000003213294,DE,No,,,,,,,,,,,Pri Dom,DHL,No,No,Shipped,MFN,2026-02-15 15:22:29,BL has no package
028-5458883-3696315,JJD000030206530000003143904,AT,Yes,,2026-02-03 11:32:00,blconnectpackages,JJD000030206530000003143904,JJD000030206530000003143904,blconnectpackages,dhl,EX_DHL_2446860_NET FOX_JJD_01.02.2026 14.02.xlsx,DRPDOR,2026-02-03 11:32:00,Pri Intl,DHL,No,Yes,Shipped,MFN,2026-01-29 15:04:03,
303-0622160-4860354,JJD000030206530000003137615,AT,No,,2026-02-02 09:16:00,,,,,,EX_DHL_2446860_NET FOX_JJD_01.02.2026 14.02.xlsx,DRPDOR,2026-02-02 09:16:00,Pri Intl,DHL,No,Yes,Shipped,MFN,2026-01-27 22:18:35,BL has no package
306-6604409-4485133,JJD000030206530000003146794,AT,Yes,,2026-02-03 08:35:00,blconnectpackages,JJD000030206530000003146794,JJD000030206530000003146794,blconnectpackages,dhl,EX_DHL_2446860_NET FOX_JJD_01.02.2026 14.02.xlsx,DRPDOR,2026-02-03 08:35:00,Pri Intl,DHL,No,Yes,Shipped,MFN,2026-01-30 11:50:13,
303-6516960-0978759,JJD000030206530000003153859,AT,No,,2026-02-05 10:28:00,,,,,,EX_DHL_2446860_NET FOX_JJD_08.02.2026 17.02.xlsx,DRPDOR,2026-02-05 10:28:00,Pri Intl,DHL,No,Yes,Shipped,MFN,2026-02-01 08:25:49,BL has no package
305-9900649-7496309,JJD000030206530000003169586,AT,No,,2026-02-09 10:51:00,,,,,,EX_DHL_2446860_NET FOX_JJD_08.02.2026 17.02.xlsx,DRPDOR,2026-02-09 10:51:00,Pri Intl,DHL,No,Yes,Shipped,MFN,2026-01-30 09:56:20,BL has no package
302-4346279-3898765,JJD000030206530000003165802,AT,No,,2026-02-06 09:20:00,,,,,,EX_DHL_2446860_NET FOX_JJD_08.02.2026 17.02.xlsx,DRPDOR,2026-02-06 09:20:00,Pri Intl,DHL,No,Yes,Shipped,MFN,2026-02-03 13:25:17,BL has no package
304-1969107-7759526,JJD000030206530000003092980,AT,No,,2026-01-20 11:53:00,,,,,,EX_DHL_2446860_NET FOX_JJD_18.01.2026 31.01.xlsx,DRPDOR,2026-01-20 11:53:00,Std DE Intl_1,DHL,No,Yes,Shipped,MFN,2026-01-16 15:33:41,BL has no package
302-7038090-9218722,JJD000030206530000003162398,AT,No,,2026-02-11 12:37:00,,,,,,EX_DHL_2446860_NET FOX_JJD_08.02.2026 17.02.xlsx,DRPDOR,2026-02-11 12:37:00,Pri Intl,DHL,No,Yes,Shipped,MFN,2026-02-02 16:44:52,BL has no package
028-8884944-1639553,JJD000030206530000003161599,AT,No,,2026-02-06 15:30:00,,,,,,EX_DHL_2446860_NET FOX_JJD_08.02.2026 17.02.xlsx,DRPDOR,2026-02-06 15:30:00,Pri Intl,DHL,No,Yes,Shipped,MFN,2026-02-02 13:52:02,BL has no package
303-8827654-0515510,JJD000030206530000003164514,AT,No,,2026-02-06 10:57:00,,,,,,EX_DHL_2446860_NET FOX_JJD_08.02.2026 17.02.xlsx,DRPDOR,2026-02-06 10:57:00,Pri Intl,DHL,No,Yes,Shipped,MFN,2026-02-02 09:29:44,BL has no package
304-1496172-6333162,JJD000030206530000003138470,AT,Yes,,2026-02-02 09:27:00,blconnectpackages,JJD000030206530000003138470,JJD000030206530000003138470,blconnectpackages,dhl,EX_DHL_2446860_NET FOX_JJD_01.02.2026 14.02.xlsx,DRPDOR,2026-02-02 09:27:00,Pri Intl,DHL,No,Yes,Shipped,MFN,2026-01-28 08:54:45,
304-6114751-8544302,JJD000030206530000003148690,AT,Yes,,2026-02-04 10:01:00,blconnectpackages,JJD000030206530000003148690,JJD000030206530000003148690,blconnectpackages,dhl,EX_DHL_2446860_NET FOX_JJD_08.02.2026 17.02.xlsx,DRPDOR,2026-02-04 10:01:00,Pri Intl,DHL eCommerce,No,Yes,Shipped,MFN,2026-01-30 19:33:43,
304-3214644-1073150,JJD000030206530000003126898,AT,Yes,2026-01-25 18:26:05,2026-01-29 12:52:00,blconnectpackages,JJD000030206530000003126898,JJD000030206530000003126898,blconnectpackages,dhl,EX_DHL_2446860_NET FOX_JJD_01.02.2026 14.02.xlsx,DRPDOR,2026-01-29 12:52:00,Pri Intl,DHL,No,Yes,Shipped,MFN,2026-01-25 16:38:16,
302-6774748-9994731,JJD000030206530000003154074,AT,Yes,,2026-02-04 13:15:00,blconnectpackages,JJD000030206530000003154074,JJD000030206530000003154074,blconnectpackages,dhl,EX_DHL_2446860_NET FOX_JJD_08.02.2026 17.02.xlsx,DRPDOR,2026-02-04 13:15:00,Std DE Intl_1,DHL,No,Yes,Shipped,MFN,2026-02-01 09:06:57,
303-3819399-9886768,JJD000030206530000003129920,AT,Yes,2026-01-26 12:46:43,2026-02-02 12:42:00,blconnectpackages,JJD000030206530000003129920,JJD000030206530000003129920,blconnectpackages,dhl,EX_DHL_2446860_NET FOX_JJD_01.02.2026 14.02.xlsx,DRPDOR,2026-02-02 12:42:00,Pri Intl,DHL,No,Yes,Shipped,MFN,2026-01-26 10:53:28,
304-6092383-3993946,JJD000030206530000003156065,AT,Yes,,2026-02-05 16:01:00,blconnectpackages,JJD000030206530000003156065,JJD000030206530000003156065,blconnectpackages,dhl,EX_DHL_2446860_NET FOX_JJD_08.02.2026 17.02.xlsx,DRPDOR,2026-02-05 16:01:00,Std DE Intl_1,DHL,No,Yes,Shipped,MFN,2026-02-01 14:05:22,
304-6986362-8764338,JJD000030206530000003138032,AT,No,,2026-02-02 14:17:00,,,,,,EX_DHL_2446860_NET FOX_JJD_01.02.2026 14.02.xlsx,DRPDOR,2026-02-02 14:17:00,Pri Intl,DHL,No,Yes,Shipped,MFN,2026-01-28 07:16:20,BL has no package
306-1989927-3157163,JJD000030206530000003143184,AT,No,,2026-02-03 11:30:00,,,,,,EX_DHL_2446860_NET FOX_JJD_01.02.2026 14.02.xlsx,DRPDOR,2026-02-03 11:30:00,Pri Intl,DHL,No,Yes,Shipped,MFN,2026-01-29 12:24:41,BL has no package
302-2731161-0551525,JJD000030206530000003158309,AT,No,,2026-02-05 12:53:00,,,,,,EX_DHL_2446860_NET FOX_JJD_08.02.2026 17.02.xlsx,DRPDOR,2026-02-05 12:53:00,Std DE Intl_1,DHL,No,Yes,Shipped,MFN,2026-02-01 19:27:26,BL has no package
303-0251615-3108302,JJD000030206530000003134230,AT,No,,2026-01-30 14:31:00,,,,,,EX_DHL_2446860_NET FOX_JJD_01.02.2026 14.02.xlsx,DRPDOR,2026-01-30 14:31:00,Pri Intl,DHL,No,Yes,Shipped,MFN,2026-01-27 08:48:33,BL has no package
306-0512976-9008346,JJD000030206530000003137648,AT,No,,2026-01-31 07:08:00,,,,,,EX_DHL_2446860_NET FOX_JJD_01.02.2026 14.02.xlsx,DRPDOR,2026-01-31 07:08:00,Pri Intl,DHL,No,Yes,Shipped,MFN,2026-01-27 22:53:40,BL has no package
